EmployeeID,YearsExperience,Age,EducationLevel,Department,PerformanceScore,JoinDate,Salary
322,6.785471076310741,40.29692754356731,Bachelor,Sales,3.218534042410946,2036-05-14,
385,2.7226020153389063,42.42095372009307,High School,Engineering,3.3556689485632294,2041-07-17,4790606.612324356
634,3.71935679015774,45.29960817581161,Bachelor,Engineering,4.178512689798422,2061-12-29,59408.246533400656
362,9.598216739007732,40.792914996010886,Bachelor,Marketing,2.165718189965375,2039-08-27,71588.55992158898
587,3.6219173013792676,36.76441555277225,Bachelor,Engineering,2.9907114384321845,,66096.17280797272
597,4.190375194119886,41.191542610051975,Bachelor,,5.0,2058-12-15,63266.35748438259
878,5.671363854916695,32.90778126255472,Master,Marketing,3.417680752239401,2082-01-13,52540.96331813471
859,,37.88693629279857,nan,eng,3.480744579767984,2080-06-22,57170.957193728456
268,0.7095758661181018,25.960923585352102,Master,Engineering,3.5913492417584,2031-12-07,55871.400329179465
659,5.594254282303565,24.934574347203586,nan,Engineering,3.4929864585144594,2064-01-18,61465.093990184905
189,2.459618845794785,,bachelor,Engineering,1.0,2025-06-11,49304.171752696464
317,7.045858913884892,24.348863369246274,Bachelor,Sales,4.325432109095079,2035-12-16,61053.70837884224
581,6.015489222483242,37.00569197230943,bachelor,Marketing,1.4571967817571003,2057-08-22,57400.366433784926
880,8.565179820344252,26.94129933503811,Master,Sales,3.3873714806329898,2082-03-14,77992.21765294539
56,7.7938403573485955,28.283766320619485,Bachelor,Marketing,1.8859535498380067,2014-07-09,73767.19833716482
175,5.830072397990057,,Master,eng,3.2257615231117542,2024-04-17,68494.49271829629
117,4.89586469088427,59.03415585238275,Master,Engineering,2.475432986232949,2019-07-13,60747.55846775385
763,12.680253614806384,35.754336389015926,Master,Marketing,2.7509281553469593,2072-08-03,87789.03968791613
479,14.236642425365712,26.125078221979,bachelor,Marketing,1.810767534922871,2049-04-06,90666.68378389253
275,2.055474046856147,47.130976999791834,Master,HR,2.6281421177213344,2032-07-04,43268.8795549074
137,2.650240122991289,46.894704889246405,Bachelor,Engineering,,2021-03-04,52502.81054220138
431,1.4502244620026747,38.07406697809101,Master,Sales,5.0,2045-04-27,
204,8.161406156104709,40.43298029036388,Master,,2.759334825469787,2026-09-04,72687.86006715524
681,7.1650161921297055,39.037300903366095,High School,Marketing,2.867863411098453,2065-11-08,76714.16577816627
302,3.319456879409091,44.92042349536523,Bachelor,Sales,3.5825713188088053,2034-09-22,50552.80311547874
893,8.200024068767462,30.636141094734313,Bachelor,HR,2.1548460415738413,2083-04-08,68467.48216300148
615,12.337255938850479,33.19520086409374,Bachelor,Engineering,3.11053531747394,2060-06-07,90305.70514082827
322,6.785471076310741,40.29692754356731,Bachelor,Sales,3.218534042410946,2036-05-14,
281,5.340552035753744,36.33540904782282,Bachelor,HR,1.6097780748465373,99/99/9999,58355.39815088541
596,3.4699508034357587,24.902692952900622,Bachelor,HR,3.3594757975471254,2058-11-15,45667.412678598004
254,8.09739578165344,38.74056569847572,?,eng,1.6282568707364944,2030-10-13,71629.9553362161
580,8.431262129620787,26.89747562985619,High School,eng,,2057-07-23,89373.63709488737
99,5.015340369927383,44.16327674702482,bachelor,Marketing,4.275390737999015,2018-01-19,56482.448974432984
146,7.3454686153319315,35.155790475814676,Bachelor,Sales,2.8779428678787227,2021-11-29,63354.86387301786
726,4.448049990941962,45.85982116175032,Bachelor,Marketing,4.005924511796417,2069-07-20,72278.432661284
306,5.351982149926346,26.015320182089628,?,eng,4.00163182520856,2035-01-20,59140.803669674555
63,1.6809950779819154,46.48765700372103,PhD,Engineering,3.4447738078315946,2015-02-04,51768.44544791213
925,8.585139886774527,,Master,Sales,2.822082124195602,2085-11-23,65752.01251589398
280,3.8440592094147195,31.908835357974986,High School,Marketing,3.996118214911129,2032-12-01,
732,2.064881667154904,31.506832038818025,Master,Marketing,2.8927352341890584,2070-01-16,38234.60103095714
688,3.8755375773512073,37.01159655872839,Bachelor,Marketing,2.0334121090146846,2066-06-06,68390.5705791827
395,8.538320362163862,31.346784486878914,Bachelor,Sales,3.242882013150275,2042-05-13,81962.68785711794
700,4.445293590671033,36.79581781939598,Bachelor,Sales,3.605606232631313,2067-06-01,
825,3.663492435797685,,Bachelor,Sales,3.200459631413729,2077-09-06,46180.94998584278
302,3.319456879409091,44.92042349536523,Bachelor,Sales,3.5825713188088053,2034-09-22,50552.80311547874
490,7.6449192708483515,47.62584103427182,bachelor,HR,2.694380888931687,2050-03-02,78172.13721075897
496,,55.06092888159123,Bachelor,Engineering,2.775681029121895,2050-08-29,72578.79479133108
621,2.628576633664064,36.13270410537764,Master,Marketing,2.743659321627508,2060-12-04,52170.44056456635
372,6.49399487373635,,Bachelor,HR,4.890440685155783,2040-06-22,70233.88993015581
73,4.892521882670145,35.768218910602556,Master,Engineering,3.373348559711398,2015-12-01,75246.69177928798
243,6.514961836941371,29.183190860513562,Master,Sales,4.036087651046256,2029-11-17,57196.64637411787
460,1.4063663222334544,41.73181351269958,High School,Marketing,3.3933070500053235,2047-09-14,51015.437944625206
429,8.175273460548762,32.78746376414228,PhD,Marketing,2.4823074271307854,2045-02-26,82773.72441704891
308,3.22528583349251,34.90881003355796,Bachelor,Sales,3.7105491022977852,2035-03-21,47394.54272353643
345,3.586885083145032,44.495541354413234,Master,Engineering,3.0600859946151635,2038-04-04,51006.8419112129
900,2.5491929870382917,32.045196819708394,Master,HR,3.0013256887344073,2083-11-04,46889.51972857895
8,7.302304187458726,41.351718016819696,bachelor,Engineering,4.00713333647316,2010-07-30,59916.91552670447
568,1.975741067247788,40.15939217704099,nan,Marketing,2.5225892938071994,2056-07-28,61764.42530567546
647,0.0,33.12855734995451,Bachelor,Engineering,4.435087399222235,2063-01-23,51983.291147896096
135,2.2417272972985907,32.558433647093516,High School,HR,2.3779651944456184,,51456.25285904661
109,5.772651172168294,28.76231039304195,PhD,Marketing,3.933128072341069,2018-11-15,
627,2.0311855392242575,30.526781043412488,High School,HR,,2061-06-02,42624.30317205102
546,2.6093142335885697,39.68774256075024,PhD,,2.611756946478461,2054-10-07,44071.15962952763
605,6.240304709671102,-5.0,Master,Engineering,1.0,2059-08-12,78947.74963718854
193,5.642281232390612,28.98632356048786,Bachelor,,1.9574223053294237,,66646.06985813889
387,6.025267927331479,48.01741289398798,Master,Marketing,3.506240989305926,2041-09-15,66836.72765039324
459,3.339052083958454,47.897527540827454,?,Marketing,2.895657207013108,2047-08-15,46797.314021719016
44,4.096688913232134,34.61491530499293,PhD,Sales,3.7441857103150347,2013-07-14,62854.35941216199
81,4.340984336487464,31.513478655921407,Bachelor,HR,4.0294574815983575,2016-07-28,53483.68320541949
241,2.622437784701898,31.208722590125127,bachelor,Sales,2.79747577293517,2029-09-18,45129.57035964864
803,5.28836233082295,27.915932330895373,Bachelor,HR,3.324340210014868,2075-11-16,58090.72134195377
247,3.5751640665171314,35.34083468259226,Bachelor,Sales,4.237653757511998,2030-03-17,53007.878570457586
419,8.537891552191478,50.28468426412532,Master,Marketing,2.5117261575484555,2044-05-02,86759.12486784135
474,9.100622802333575,35.14688194729197,B.Sc,Sales,3.3185210047988747,2048-11-07,68538.92564884943
432,0.0,43.15737212539297,bachelor,Marketing,1.576317363116077,2045-05-27,
750,0.7800167094553334,45.01046092567141,High School,Sales,2.682649507757465,2071-07-10,44846.88599750286
725,5.512596314383826,25.645612979554045,Master,Sales,2.590691525904279,2069-06-20,52702.735985150124
692,8.477989410092745,30.250963433774757,Bachelor,Marketing,1.4881165804367864,invalid,72419.37048606164
912,5.657450982991817,57.31300146192632,Master,Engineering,1.6474913105592777,2025-13-45,71426.31700884741
995,1.9951399703152535,38.51448207541583,High School,Sales,2.8117386649136935,2091-08-24,44825.08802672026
962,8.987457590397295,37.85554074857657,High School,eng,3.8393491142316023,2088-12-07,82952.60506589733
976,0.0,31.114815469111143,High School,Engineering,2.429359569799887,2090-01-31,35046.59354396003
542,1.6108794360271457,52.72251596669744,Bachelor,Sales,3.002287936143504,2054-06-09,47794.51865076155
445,1.0865914984854403,38.996879517526416,B.Sc,HR,2.1906191789172462,2046-06-21,39161.267973787195
497,1.8882615370206306,55.615035766363974,Master,Marketing,3.8595848723435564,2050-09-28,50587.050232278634
118,1.493965887141404,34.42381202966415,Bachelor,Marketing,4.352202678867144,2019-08-12,49602.25034371637
263,0.0,40.387559924463694,Bachelor,Engineering,,invalid,33912.36053417904
614,1.6235328581048707,34.22162802987198,High School,Sales,2.0302562803653257,2060-05-08,1724991.2242646199
868,6.003370369961075,46.26705136827583,Bachelor,Marketing,1.6668716452221934,2081-03-19,76478.39792855534
551,5.2597693624187,33.99845923520047,High School,Marketing,3.6188862980231535,2055-03-06,63005.259843201595
472,0.0,28.902170956806177,Master,Sales,3.279267838216526,2048-09-08,33429.41749743468
242,4.655790675599303,32.964196398976384,bachelor,nan,2.471702953337021,2029-10-18,46319.007329656386
195,5.519542777553546,19.070062664683306,High School,HR,3.4643698635465743,2025-12-08,50992.555769239625
697,5.978399066726354,,Master,Marketing,,2067-03-03,62521.17047368265
664,3.369725686598705,28.921780129055676,Master,Engineering,1.9083748278408974,2064-06-16,57482.79852911068
765,8.447819978857027,32.53937511870051,Master,Sales,3.4042128652773322,2072-10-02,73252.87661671983
827,,24.09600922557154,PhD,Engineering,3.2620668090867255,2077-11-05,71776.7401415186
708,10.264382545953094,53.99881934895215,High School,Engineering,3.1262677362340683,invalid,74118.28627205765
754,,18.0,bachelor,eng,4.0251091525817735,2071-11-07,76417.73926179323
14,0.0,28.10812181910432,Master,HR,3.0006828189574826,2011-01-26,46368.33391912026
91,5.291232648044121,34.283987405859364,bachelor,Marketing,1.8804538716168313,2017-05-24,75598.9521151096
860,6.8987954532665325,37.603218387712204,bachelor,Sales,4.496710407445981,2080-07-22,66918.03387207242
648,4.837115400446564,44.85729995679863,Bachelor,Sales,2.652697711042157,2063-02-22,60787.251442194
10,6.627680130757894,29.64764788439432,Bachelor,Marketing,2.772523740046592,2010-09-28,61550.411438937
20,0.7630888959941258,39.241659464019165,Bachelor,Engineering,2.5847862320947286,2011-07-25,
968,10.402821298732448,33.487267163464885,bachelor,Marketing,3.3601641839457668,2089-06-05,84672.31229747909
338,4.03584247504102,,bachelor,eng,3.462483624066854,2037-09-06,51229.63907608235
842,7.024458476499811,18.0,Master,Sales,1.0,2079-01-29,71536.44943548615
695,6.779303773905151,36.26379579546412,Bachelor,HR,2.2209072606232994,2067-01-02,72906.62330250954
652,8.379695088643272,38.257963165821664,Bachelor,Engineering,,2063-06-22,69046.21625010922
913,5.7481510511322655,41.380511014407574,Bachelor,Marketing,1.41641161021242,2084-11-28,63796.49567348562
373,9.353430823385125,21.280988570686436,Bachelor,eng,3.0493083315202227,2040-07-22,78624.7827976848
123,9.208382932808298,41.38730222029184,Master,Sales,3.2810092502818065,2020-01-09,85938.01047679009
980,7.281243968432892,39.07052287124535,Master,,3.0141492649657584,2090-05-31,69443.17443819215
869,,24.09033569784802,Bachelor,Marketing,1.448487750941071,2081-04-18,64249.31893166817
457,4.678908920136326,42.53341621104533,Bachelor,Sales,3.700700612120584,2047-06-16,57698.945455427056
704,0.7746161109093208,46.09699841956223,High School,Sales,,invalid,52987.656030450904
541,7.507076336195425,34.724850949493636,Bachelor,HR,2.7569388011191336,2054-05-10,73234.69384446363
407,1.7971387118522166,20.78189333258156,bachelor,Sales,1.0,2043-05-08,50810.07616463278
586,5.7446617589010085,41.93105607263144,Bachelor,Engineering,3.491505647246784,2058-01-19,61994.36519210512
521,0.0,47.21033695525353,Bachelor,Engineering,4.146030144142065,2052-09-17,39090.96558346262
738,7.948072951836542,24.32197078420807,High School,Engineering,3.9005330773315916,2070-07-15,72471.78419198985
814,5.589664329534724,43.96839315865532,Bachelor,Engineering,3.3485951198609802,2076-10-11,65940.0217662688
946,1.789745701021542,31.30389663956366,nan,HR,2.362412457924036,2087-08-15,46356.13333749612
423,4.25310755456278,31.350472704571146,Bachelor,nan,2.0150068741829847,invalid,61229.932345516696
731,5.587535765293045,32.76534017628148,Bachelor,Sales,2.9801263646316882,invalid,64107.98196541742
463,2.9008234760222433,32.90976742713975,Bachelor,Sales,,2047-12-13,50717.69849825121
141,5.682379803812388,999.0,Bachelor,Sales,3.8580141953021454,2021-07-02,1172854.7981999933
766,2.890470724622338,26.567534046838084,High School,HR,3.7158727446909596,99/99/9999,45774.821051582825
227,5.192840057286388,35.438114719791095,Bachelor,Engineering,2.6171828103870314,2025-13-45,61504.224567642355
190,0.45545832594240565,25.316555451363648,Bachelor,HR,2.9139303072091067,2025-07-11,41894.083101485325
920,5.582269978694923,30.27909422302873,Master,Sales,,2085-06-26,65455.93514214199
650,7.088619094440255,,nan,Marketing,,2063-04-23,77598.0273086975
985,4.9891923827282945,44.53125045376087,Bachelor,Sales,2.2506423105772226,2090-10-28,75814.2962592253
248,,27.30026768941358,Bachelor,Engineering,3.379767636040896,2030-04-16,52382.49353176221
76,7.465707513125672,,?,HR,1.7421318440911122,2016-02-29,
883,3.5316816724453335,22.65651128120078,Bachelor,Engineering,,2082-06-12,57868.841396820186
311,4.346956390318339,34.74973041254856,High School,Marketing,2.4438812532392196,2035-06-19,54679.62947362136
837,9.651501478442231,23.562737926793382,High School,HR,3.350370216386338,2078-09-01,73379.67124120345
183,1.7873225058166629,44.183166060023126,Master,Sales,2.217996507488963,2024-12-13,52863.37095982838
539,8.018878427643322,23.30083164289712,Bachelor,Sales,2.2647989652367535,2054-03-11,unknown
900,2.5491929870382917,32.045196819708394,Master,HR,3.0013256887344073,2083-11-04,46889.51972857895
232,5.649375768745925,21.301970204209223,Bachelor,HR,3.269294752580734,2028-12-22,65690.4561174637
744,5.078273150632501,999.0,nan,Sales,3.1994239859867672,2071-01-11,60688.68477545082
787,7.501766463646712,31.907909229501364,nan,Marketing,1.0,2074-07-24,72068.38693020624
455,3.409227144882678,40.65509645631544,B.Sc,HR,3.9324348709546673,2047-04-17,40000USD
928,6.131635625193563,32.139957781198895,PhD,Marketing,3.3440539215634666,2086-02-21,65239.411741927965
448,2.180360641017934,40.863640187550935,nan,Marketing,2.778486737047876,2046-09-19,57066.04714671422
910,11.48976416991638,36.429430947637066,Master,Sales,1.8058105989077107,2084-08-30,91669.53322964832
791,6.288854657397757,18.0,Bachelor,Marketing,3.1571279189909407,2074-11-21,54335.42434585883
438,0.8596956253553261,51.07345576019993,bachelor,eng,2.7401998592324874,2045-11-23,54534.22591289975
866,3.8368953201920473,18.375080119643258,Bachelor,Engineering,3.2887280030098363,2081-01-18,51511.53885178572
164,2.5379530449448686,,Bachelor,Engineering,2.5517753836998507,2023-05-23,40000USD
769,3.119098826636698,36.23204806784486,Bachelor,Engineering,3.591442151751855,2073-01-30,52334.74288551854
399,4.6563804642421465,47.00413907944426,Bachelor,Engineering,4.9234457948249535,2042-09-10,58172.302192535266
960,6.343125680051945,-5.0,Bachelor,Sales,2.7689305225423197,2088-10-08,72593.36609684583
453,2.042821860993369,37.407531794885685,Master,Engineering,1.3841132125895272,2047-02-16,50136.871896785146
950,5.730018347968075,34.48606276411514,nan,Sales,,2087-12-13,60372.932821177885
368,5.037777202345384,25.66732040926804,Master,Marketing,2.76049807797825,2040-02-23,66295.97492934123
19,2.275927773436367,,Bachelor,Engineering,1.6504237884484678,2011-06-25,unknown
960,6.343125680051945,-5.0,Bachelor,Sales,2.7689305225423197,2088-10-08,72593.36609684583
348,0.7776086768703347,44.34319911239274,nan,HR,1.6672226025203503,2038-07-03,50826.14253734183
197,2.348427691396601,,Master,Sales,3.3163583215361445,2026-02-06,53013.71992609421
200,1.571089106508131,48.64140429973844,High School,Marketing,4.303278037316064,2026-05-07,46091.048468338326
334,2.968514865463665,49.90726136849952,nan,Engineering,1.388432640897172,2037-05-09,63845.75281810088
873,0.8620423159564181,31.919657158142588,Master,Sales,3.84310533232324,2081-08-16,63021.509456755186
421,11.182243774645961,40.38296079049633,bachelor,Engineering,3.022630852676869,2044-07-01,84281.73013188611
674,3.8856774020126257,25.775898155014975,High School,Engineering,2.7082413677414627,2065-04-12,64969.89924465709
447,6.099794738290544,29.713833182502434,High School,Marketing,3.516946515748371,2046-08-20,59796.82848984534
347,0.6557469755080279,18.0,High School,Engineering,4.2495049007061585,2038-06-03,25181.58402089085
849,3.086780047246052,44.69457200526737,PhD,Marketing,2.6594012930901387,2079-08-27,3957671.6546634627
812,3.6808068251774753,36.467930119855495,Master,Sales,4.071929865211797,,56634.907387670704
588,,31.329721609166775,Master,Sales,3.306981072686238,2058-03-20,52187.091480968826
229,2.854088872220095,44.638791167949094,High School,HR,,2028-09-23,-1000
404,5.140941781294226,42.18953310665067,Master,HR,3.75109945450731,2043-02-07,69492.78111924077
321,5.290987894978155,35.56649924897107,Bachelor,Engineering,1.5847328080758125,2036-04-14,68149.78078678084
425,6.936127848755443,24.551908059789664,Master,Marketing,2.9209326581354436,2044-10-29,68540.8178229014
897,4.498645759049437,32.41203937332897,bachelor,Marketing,3.4206996310184787,2083-08-06,69028.06982918727
855,9.261512743969565,45.005823180429786,bachelor,Sales,1.063247297497535,2080-02-23,84938.30859338354
320,4.609570836896946,33.13028697014554,Master,Engineering,2.263229864052378,2036-03-15,58128.29444953334
832,2.2440441605474053,37.332161312635016,Master,Engineering,1.913945417881914,2078-04-04,47072.04155759991
79,5.275282329606507,,High School,Sales,2.857853463059454,2016-05-29,55921.1026628258
443,0.0,36.81021558703707,High School,Sales,1.8488462634471308,2046-04-22,31787.93218064534
9,3.5915768421951437,,Bachelor,Marketing,3.336144963026229,2010-08-29,56811.887142764615
336,4.558827855493584,31.629140288819606,High School,Sales,2.663613054588864,invalid,52432.36145648031
879,4.950731311781744,18.165618077790498,Bachelor,Sales,3.1074443743408926,2082-02-12,48418.85434518755
961,6.928168279602632,34.451059993837134,PhD,Engineering,4.393181257934906,2088-11-07,69973.4355977222
908,7.238760698081662,23.73232531090195,High School,Sales,4.0768481446576805,,67195.58620590942
788,6.37754023768531,-5.0,Master,Sales,5.0,2074-08-23,
284,1.2865535035194529,44.56702316794584,Master,HR,1.5230750724680986,2033-03-31,46666.88396267299
324,11.27716182705638,39.86501643826202,bachelor,Sales,2.155058561406504,2036-07-13,
361,6.558039542723517,34.846901508270044,Bachelor,Engineering,3.5152943216244674,2039-07-28,74893.32568222786
199,5.174626155337999,37.23914134064661,Bachelor,Engineering,3.1810627427710823,2026-04-07,51405.44766234387
464,5.641939732202666,26.494795457907,Bachelor,Marketing,3.1948423402701382,2048-01-12,47246.98010688874
904,8.835355587821896,38.69642192198094,Master,Engineering,2.5413613638989156,2084-03-03,88175.32293613326
914,9.732359839290423,40.00844474944457,High School,Engineering,3.4129989121377977,2084-12-28,89112.30683105589
644,0.49057114064568097,39.52371796249734,?,HR,3.504483256383017,2062-10-25,48491.421013806954
127,2.028391024607935,38.02635465239033,nan,Engineering,5.0,2025-13-45,50462.7348799973
793,5.81473651158612,33.398672044333594,nan,Marketing,2.333151283048436,2075-01-20,68031.23338109074
503,0.8042972785425766,26.81801116577693,Bachelor,eng,2.886519354117859,2051-03-27,41942.258387527705
169,4.263835651991388,40.94754341665286,Master,Marketing,3.277358461964676,2023-10-20,52785.066766948716
583,6.898345598318855,24.84178181021603,PhD,Marketing,2.515826048751263,2057-10-21,72736.17849076567
325,1.981947855500894,35.6447441481012,nan,Sales,1.5009840395415988,2036-08-12,53340.71061740863
27,1.5470192677330914,35.380034781682,B.Sc,HR,2.0141961913321733,2012-02-20,40000USD
39,1.0154418533047087,37.24451818559972,High School,Marketing,1.457198484790354,2013-02-14,48659.10071140645
519,5.297996916287677,24.75813175670795,High School,Sales,2.7996474222058363,2052-07-19,56331.3232239264
433,4.191779496666326,-5.0,Bachelor,HR,1.1481572684253414,2045-06-26,66582.88454266467
724,7.229792282068145,41.153674840130535,High School,nan,3.383435031403644,2069-05-21,
484,5.610390907601669,31.003638143853976,Bachelor,Marketing,2.855095420918569,2049-09-03,59672.68569321765
97,5.888360831193728,35.786351903160906,High School,HR,5.0,2017-11-20,59794.210157776106
335,7.925359200253253,36.486674572021116,Bachelor,nan,2.7373404796838323,2037-06-08,70971.67164283834
11,3.6097469215626132,48.173940656343255,High School,Sales,,invalid,1299776.0507939872
178,9.360602231471951,34.0166037320525,Bachelor,,4.303507931934759,invalid,89490.05038167513
651,10.546868284836036,40.796331732135755,High School,Marketing,1.1581022270421426,2063-05-23,82177.12469047484
388,10.628512517647659,50.615111967268525,High School,Engineering,4.447305699391807,2041-10-15,82237.53020073159
851,3.130578420725707,28.537726901561967,Bachelor,Sales,1.6430644303004247,2079-10-26,59685.87283890539
776,0.2893258403286305,21.799774887792942,Bachelor,Marketing,5.0,2073-08-28,47759.68560985532
628,4.622639239701056,47.81016361735113,High School,nan,2.518234028906525,2061-07-02,50124.46114842649
988,7.632086871727014,40.16178287114958,High School,Engineering,4.820543907941816,2091-01-26,
145,5.779648382745271,33.2692817571613,High School,HR,3.7931756882186773,2021-10-30,65490.707291007326
594,6.000986315860844,44.039348410861955,bachelor,Sales,2.41509234658223,2058-09-16,-1000
804,3.613174133884873,19.86285607387173,B.Sc,Engineering,2.4672745017830966,2075-12-16,68189.8546627614
18,5.942741997785822,,Bachelor,Engineering,4.081984809249942,2011-05-26,63468.46773036464
944,4.702472408661851,31.568077245025897,Master,Engineering,2.12152619865794,2087-06-16,61653.86610301073
717,5.342682945986119,38.319803305690144,Master,Engineering,2.3699750204661054,2068-10-23,63317.9974896632
629,5.167174736866084,35.678555105274036,Master,Engineering,3.3244586043525173,2061-08-01,73504.74920099495
139,7.44055165210901,40.97400069849858,High School,,,2021-05-03,61759.19531773456
547,6.7312163815416195,,High School,Marketing,2.944079551477787,2054-11-06,75290.0413358468
55,8.092998567487854,29.4969484615458,Master,Sales,2.188999136371155,2014-06-09,71711.04882251771
22,4.322671098540393,29.26299996061421,bachelor,HR,3.1113726018400523,2025-13-45,61156.668123527605
599,3.6671202197716655,35.20793707675408,B.Sc,Sales,2.5833746943845375,2059-02-13,52909.357023683966
174,6.023455924449932,34.374068721004775,Master,HR,3.8232799156777055,2024-03-18,64162.02314140219
402,3.2018749311386814,40.36652752527286,bachelor,Sales,2.5287362592974802,2042-12-09,57458.346576545315
821,3.4481346496988836,33.68743032907695,High School,Sales,2.3316548051531982,2077-05-09,57768.71840404789
186,7.142001482276276,44.40771187988216,bachelor,Engineering,3.4715423804182057,2025-03-13,80899.91668676458
768,10.31240190690653,,Master,Sales,2.67593182479103,2072-12-31,86038.940945144
747,5.560300293431235,44.7519762978243,bachelor,Marketing,1.3389165844328275,2071-04-11,67050.64714965902
559,6.183356427134891,49.92688568959522,Master,nan,2.485217325085258,2055-11-01,70941.62864823488
953,1.2453817274286676,25.94267699137381,Bachelor,Engineering,1.1789139307055037,2088-03-12,4470475.46475653
260,7.323902160288011,34.44230922342294,High School,Marketing,,2031-04-11,67342.1078566771
632,9.588650958381841,26.536433450091266,Master,Marketing,3.8447743757817,2061-10-30,4760936.771491557
785,,,High School,Marketing,3.9944473755089076,2074-05-25,81779.55433951579
21,9.396946306764661,40.228354880355,PhD,HR,3.034027411072232,2011-08-24,69694.630003542
157,10.59732353343427,28.118496548222762,Master,eng,1.0,2022-10-25,3771636.6062723235
867,5.8575961721747145,45.32546204341657,Master,Marketing,1.8428833812867291,2081-02-17,75182.53711148408
529,5.7791675051644456,30.111505782137257,bachelor,Marketing,2.545205282622307,2025-13-45,77495.70905427261
181,6.877002043295018,36.798941511534785,Bachelor,Sales,4.001824853681937,,69640.14904711676
427,2.1052296182596866,55.56207129940322,Bachelor,Marketing,,2044-12-28,38012.27305319956
899,8.61952689952507,40.60919447941239,PhD,Sales,3.881146720813369,2083-10-05,76553.95293778474
510,2.5071496507668867,49.77530081055262,High School,Sales,3.072278965384289,2051-10-23,58229.7677371703
437,9.885846636713875,32.51308873816453,Bachelor,HR,2.218843621868886,2045-10-24,71972.22428037066
540,3.269324391430554,18.0,High School,Engineering,4.656208252057295,2054-04-10,
856,3.287761118751571,28.29379790923355,Bachelor,Marketing,2.2386447301910595,2080-03-24,53656.65056889326
202,6.682353579104703,30.70594458874747,Master,HR,2.5875861817835197,2026-07-06,67985.8860104295
73,4.892521882670145,35.768218910602556,Master,Engineering,3.373348559711398,2015-12-01,75246.69177928798
958,6.370259657461352,66.37748533659993,Master,Marketing,2.9426092969984574,2088-08-09,66532.50150631294
527,0.11737268635051201,53.84586305934609,Bachelor,Engineering,2.7573012521747184,2053-03-16,40357.99583951637
840,4.358033467323473,32.918831427274604,Bachelor,Sales,2.5171724091930816,2078-11-30,70866.40942280066
180,13.160507499768856,23.96410682784229,Bachelor,Sales,2.447079162632698,2024-09-14,101310.42697258931
590,,35.86143883046375,Master,Marketing,2.657121138442436,2058-05-19,43938.07763112227
59,5.993790294210692,40.43600154594432,High School,HR,3.7828737349485726,2014-10-07,63771.48755580646
649,4.307196409373966,46.87386051564751,bachelor,Sales,4.453275476042545,99/99/9999,56775.77828324285
857,2.502933280687314,48.92465300064329,Master,nan,2.1217367471765334,2080-04-23,56639.65094504513
972,2.9568450275753575,18.0,Bachelor,Sales,,2089-10-03,50k
309,6.641292143510114,45.85895565831578,Bachelor,Marketing,3.429340822801734,2035-04-20,59396.27568082705
450,1.822359434333145,,Bachelor,Marketing,2.3111144574245945,2046-11-18,61142.642909230104
418,5.3470239028785755,37.68592278863257,Master,HR,2.3701154476361896,2044-04-02,67634.40447908363
670,8.274520555767385,40.4673356820138,High School,Marketing,2.112230488461459,2064-12-13,66886.30099864442
272,0.6924135464616814,41.09138120907177,Bachelor,Marketing,2.2106614942803255,2032-04-05,
755,2.151803333504171,40.11202599524981,Bachelor,HR,2.3461016116744235,2071-12-07,52618.62149289075
686,7.138995290517164,46.87679388461564,High School,,2.898719281298467,2066-04-07,76566.67333786421
225,3.5842044026316997,33.147123411222914,B.Sc,Marketing,1.7355015930450344,2028-05-26,63060.04209340887
413,0.3976574877931327,39.55887772081608,High School,Engineering,3.0180168720444467,2043-11-04,50989.71576092483
84,3.445189345179058,55.76747983560841,Master,Sales,3.8201581867554846,2016-10-26,51193.773024729686
161,2.075954989318036,18.0,High School,Marketing,2.414072326682245,2023-02-22,60349.76462553054
344,3.4791704738866107,46.906462747863415,Master,Engineering,3.760846654311478,2038-03-05,50278.78295765319
481,4.6162472255577,42.22381357827771,Master,Engineering,3.572006278300473,2049-06-05,63126.78060382215
80,0.0,43.50221742113493,Master,HR,3.33868731792169,2016-06-28,47683.13777882546
363,4.673719554629427,36.19580368414153,Bachelor,Sales,5.0,2039-09-26,56036.124791410606
382,3.2018220636679335,30.120885918542974,Bachelor,Sales,1.8977302595441445,2041-04-18,51414.68766806016
822,9.228042320556739,35.768518829587684,Master,Sales,2.938924328647624,2077-06-08,78580.15480000043
297,7.698799626299753,44.190764829877686,Bachelor,Sales,1.0,2034-04-25,70531.46283433418
171,2.33145671112343,42.589285897867654,PhD,Marketing,3.3220823107669855,2023-12-19,52979.86144026725
735,8.08746691197693,42.9994190194205,nan,Sales,2.2374807608534018,2070-04-16,
512,4.849285671652589,33.06340540720282,bachelor,nan,2.2211629571795655,2051-12-22,59587.28925189834
936,3.4938373269421668,19.970296716048466,bachelor,Engineering,4.144293068559939,2086-10-19,51551.10905368041
400,8.713448935920386,28.431057210286042,Bachelor,Engineering,2.225385029981418,2042-10-10,84029.87733638924
638,5.219953901565212,39.235990655934614,Bachelor,Engineering,3.419705608357266,2062-04-28,59698.681054138935
687,4.279023805525595,30.35382702701607,Bachelor,Sales,2.401562419418953,2066-05-07,59008.41560240541
417,9.653455926567569,35.570131248970846,nan,Sales,1.0,2044-03-03,101219.34712642075
158,6.421498762735363,57.52435805344309,PhD,HR,3.1784766638853896,2022-11-24,65422.43786379503
236,6.901757066954033,51.391168054440676,Master,HR,4.17171791471616,2029-04-21,55117.51389842478
152,6.039344628490927,18.0,Master,Marketing,3.5212799050138144,2022-05-28,54011.5198809475
163,8.475786737022212,21.10427533236404,Master,Sales,4.252842634427484,2023-04-23,84243.74578029168
278,3.199349368523616,,PhD,Sales,4.653617268492285,2032-10-02,60362.22587532539
773,6.897223217166562,28.77350638265548,Bachelor,Engineering,3.276600765511181,2073-05-30,69478.44559718383
656,5.177655302043465,32.04598589860971,nan,nan,,99/99/9999,57466.504196472546
65,7.437577467182594,31.375590585968677,Bachelor,Marketing,3.149363482271189,2015-04-05,79803.75717964568
780,6.862016292652034,28.07579020126144,Bachelor,nan,3.223270835920261,2073-12-26,55240.11257418141
505,3.048072292634519,33.298153774750716,Bachelor,HR,4.234751914044795,2051-05-26,41458.03430625679
675,0.7774649158465365,,High School,HR,2.9401738564700963,2065-05-12,45046.69025478519
520,7.2541613701153675,53.54092566334188,bachelor,nan,3.231842092134848,2052-08-18,75183.85730850307
814,5.589664329534724,43.96839315865532,Bachelor,Engineering,3.3485951198609802,2076-10-11,65940.0217662688
216,7.276907661479802,47.477420726737336,Bachelor,Marketing,3.5136144642310962,2027-08-30,59889.25492186147
207,6.545105801625979,27.980083121932445,?,Marketing,2.8356647941146087,2026-12-03,68554.73849578049
128,3.3011068111916844,27.457241499806422,Bachelor,Marketing,5.0,2020-06-07,46037.02896347396
53,2.9692339990821237,39.94030186282739,Master,Sales,2.0100422074479862,invalid,50400.28363385546
786,8.242342176663865,20.424485005350697,High School,Engineering,3.6460061871145513,2074-06-24,73995.46751020268
745,6.552977061407369,25.72646865809426,B.Sc,Engineering,3.473038282160215,2071-02-10,79008.87479902038
901,6.106019926618703,41.969544045107355,Bachelor,Marketing,3.3954209853880384,2083-12-04,63385.26871577905
917,6.823689529149617,27.12216248091761,High School,Engineering,3.690472686121513,2085-03-28,68073.50891023321
544,9.324705861973701,30.429037434137282,bachelor,Marketing,4.271892421938657,2054-08-08,83794.57500384585
797,4.881334538430035,31.809460643333818,Bachelor,Engineering,2.3137208642449156,2075-05-20,55102.106140163356
831,0.9666484668971691,42.08214423256557,High School,Sales,4.369701107654185,2078-03-05,47202.28443213253
444,4.732639881461635,22.031680520441533,PhD,Sales,1.0,2046-05-22,69321.45037374161
756,12.897146194512173,48.73658545162958,Bachelor,Engineering,3.0273133798514387,2072-01-06,95600.10431331606
110,4.776662252701499,54.14031353866786,B.Sc,Engineering,2.777279299223393,2018-12-15,68012.4273236541
604,9.066913576414853,27.008079933497463,Bachelor,Sales,1.0,2059-07-13,83633.83784509997
279,5.209406254970057,36.92049116490031,Master,Marketing,3.1398872328391274,2032-11-01,65114.06003012933
221,11.943975700020527,23.124015809704872,Bachelor,Sales,2.0061373251651466,2028-01-27,unknown
550,3.188044439852538,47.26933223884308,High School,Sales,3.0042298589941514,2055-02-04,54222.41702236463
682,1.6128446863483124,34.758043936090836,Bachelor,Sales,,2065-12-08,57015.22245871631
100,4.29623859987456,38.46488475897993,Bachelor,Marketing,2.8482855664227706,2018-02-18,70372.84813850405
890,8.326110741748723,,Bachelor,HR,4.053891552295883,2083-01-08,72745.42533626655
36,1.3374690500869333,50.73986763290033,Bachelor,HR,2.0521072827310136,2012-11-16,58720.826889003685
984,4.8568659315740605,43.62393472382759,Master,Sales,2.415544708149562,2090-09-28,61568.312691067105
667,4.2350683477374345,25.00697767705089,Bachelor,Engineering,2.1639378478999753,2064-09-14,51951.55315013896
818,7.668892386870311,27.808466807575797,Master,Engineering,2.615057111589919,2077-02-08,73854.49390182878
470,3.27254527806596,39.446026682201406,Bachelor,HR,2.762988029987372,2048-07-10,58152.42159727711
94,4.017013560206696,35.519458858072994,High School,,4.22921478429705,2025-13-45,60670.95692696139
332,2.3082368855425055,47.18761851697317,High School,Sales,3.2242347445352917,2037-03-10,53489.753385688666
959,6.709301840696612,45.56056809066052,bachelor,Engineering,3.4105500853276167,2088-09-08,76644.46441568418
64,1.4113801277579876,,High School,Sales,2.174346317197858,2015-03-06,36540.486182117456
156,2.8569457459208967,45.09817089342634,High School,HR,2.8184968378643327,2022-09-25,62951.91965204027
624,9.036260138464932,28.31855914461006,Bachelor,nan,1.1406632283399425,2061-03-04,79068.77328907605
501,7.778532642594924,42.78361076166638,Bachelor,HR,1.9013795748221878,2051-01-26,67652.50971721031
636,0.03542998440269152,30.963515367580033,Bachelor,Marketing,3.5199021395287526,2062-02-27,42027.87511264124
847,5.867505931723454,47.65707840864701,?,eng,4.173442276632445,2079-06-28,55871.34882302096
796,8.159458559998711,,High School,HR,2.595638007309977,2075-04-20,66817.35654212763
748,2.7338512029400324,40.01094169939845,High School,Marketing,3.5032520647495047,2071-05-11,66428.08131907874
696,4.071360682058029,54.389289990582846,Master,Marketing,3.203235954586031,2067-02-01,53309.206712705236
795,1.7568303787752129,37.131966282376894,Master,HR,2.392527712379693,2075-03-21,46141.12514520822
422,10.266022527329614,45.72507337309802,Bachelor,Marketing,1.5944369461437133,2044-07-31,89017.93640865998
987,9.510194905301452,42.25095786847997,Bachelor,Engineering,1.823037887230032,2090-12-27,75259.29478900257
504,6.688907710071712,34.96625542589048,Bachelor,Engineering,3.2215584736242104,2051-04-26,56246.49917964994
151,5.751478551037629,25.086076505436928,Master,eng,2.2853193230095683,99/99/9999,64483.43117687052
970,0.7076746936458553,46.337700968670646,Bachelor,HR,3.655403829850237,2089-08-04,38493.38842596807
771,7.123255806366426,35.436024463724536,PhD,Marketing,3.307403569719688,2073-03-31,75041.18692237594
576,0.0,34.643585177025166,Bachelor,,3.7938184671438155,2057-03-25,51219.412390075115
379,11.569408799653017,28.94384460263136,PhD,Engineering,5.0,2041-01-18,79473.07052103228
764,4.711820300826051,18.980341881028316,B.Sc,eng,1.3271060986884258,2072-09-02,66059.97213709033
807,5.6664013149011385,37.67126651011483,High School,Engineering,2.0993286174875196,2076-03-15,72283.8664340431
265,4.242295545820519,36.69360824036078,Master,Sales,2.634494063014734,2031-09-08,58110.43442927494
107,10.65855770363159,41.1277390506257,Master,Sales,2.4282539580439386,2018-09-16,81530.6107046307
414,8.833030465695527,56.65002344901084,Bachelor,Marketing,3.4726303458434056,2043-12-04,87359.61553332157
640,1.1147636838091515,24.32467085745727,Bachelor,Engineering,3.00855608082435,2062-06-27,44143.61602200592
106,6.212152570443616,24.60094072874469,High School,,2.684913268805891,2018-08-17,63494.552748947484
491,4.976082076050148,29.481418541075534,High School,Engineering,3.633661024774059,2050-04-01,62622.90651833792
616,5.387663545925682,66.93107567844861,Bachelor,Marketing,2.373684723816993,2060-07-07,65794.2159073444
665,2.861462651968507,47.96994546561109,High School,Engineering,3.2338480257895985,2064-07-16,61587.69760138554
237,0.0,51.77700814076441,nan,HR,1.8238266634452194,2029-05-21,3549219.305713298
972,2.9568450275753575,18.0,Bachelor,Sales,,2089-10-03,50k
569,0.0,19.374541431134574,Master,,2.3501731145025637,2056-08-27,35541.09125228092
514,2.2773090138752066,18.0,High School,Sales,3.8861911885847955,2052-02-20,35107.80209429778
403,5.015731099154549,46.85704154662997,PhD,Sales,1.0245122287828625,2043-01-08,71720.95411137803
34,1.826867213132299,41.47195939702741,nan,HR,3.0469349020603698,2012-09-17,
506,,30.46771950672725,Bachelor,Engineering,1.968044757905565,2051-06-25,68609.36881665674
75,,44.9626681944714,Bachelor,Sales,4.192735165416415,2016-01-30,53872.737235674016
778,4.257444093345486,34.62963202951588,Master,nan,3.032407013340136,2073-10-27,59365.6074710903
992,0.0,42.542913298135744,High School,Sales,2.015465949518032,2091-05-26,47569.28565458355
49,6.030854868705385,49.76540349725896,Bachelor,Sales,2.8762673199002435,2013-12-11,60220.49867652688
678,10.256811330270867,50.213160519224516,nan,Engineering,1.0044682195482615,2065-08-10,
739,9.99642333338773,44.50307591973576,Bachelor,HR,4.699435983008709,2070-08-14,81646.1298141572
258,2.876991603143658,39.190190093660455,bachelor,nan,2.537060487974742,2031-02-10,44306.4459541657
746,2.822768560539603,37.38368982734785,Bachelor,,2.354427927964605,,44877.33827846441
639,1.1301173007768384,55.625249192431454,Bachelor,Sales,3.2765815055910488,2062-05-28,54908.817908486104
111,0.0,33.09317599236653,Bachelor,Engineering,4.065171965714386,2019-01-14,44563.51051595744
397,0.0,,Master,Sales,3.553149156379209,2042-07-12,36566.08661223896
222,0.0,38.09820710227027,Master,Sales,3.4201915428949916,2028-02-26,47101.70715342515
623,,44.19228934575204,Master,Sales,3.7978437798957665,,76712.45090897959
267,9.897233911794906,33.887739386513,Bachelor,Marketing,1.6042107978075149,2031-11-07,73328.63956558445
203,8.249153729525831,36.222975030322836,Bachelor,HR,,2026-08-05,88458.91746977055
711,,46.07080669286972,Bachelor,Marketing,2.576401418271823,2068-04-26,75473.17456539476
378,5.550026017215055,45.39904687396076,?,Sales,1.110350707903847,2040-12-19,69622.75658724486
102,3.7380640317039227,18.0,Bachelor,nan,3.839468504518405,2018-04-19,60805.321373972634
714,6.197408343056212,43.47421677150422,Bachelor,HR,3.7034279167873088,2068-07-25,69128.51157648754
493,5.232104922942855,29.357524013426115,High School,HR,4.678674673372566,2050-05-31,68601.76807398094
13,5.725886814698102,55.75260872625265,Master,Marketing,5.0,2010-12-27,74568.36189370461
939,5.7314021413135965,45.857863249393475,Bachelor,Sales,2.9468931983030893,2087-01-17,76883.70532810074
25,3.366851826424452,52.275431701007115,Bachelor,HR,3.6928557558178117,2011-12-22,49664.79374700264
967,2.970823093822191,33.02661579692674,nan,Engineering,1.9943986243105343,2089-05-06,46327.139639137466
602,2.2335040274671236,48.74876419148185,Bachelor,HR,3.263550811954785,2059-05-14,66800.05240080513
824,3.9114843186810226,28.499974191765403,Bachelor,Marketing,1.0,2077-08-07,70683.24213388392
556,3.7643691016325977,38.67365506816178,Bachelor,Sales,1.0,2055-08-03,65000.941102050536
922,1.9204541017668193,42.47910256117534,High School,HR,4.057814180820796,2085-08-25,38972.728746677756
781,5.533103002799762,20.936825363281663,High School,Sales,1.2577783073647248,2074-01-25,57036.909918142854
713,3.3652427395731506,999.0,Bachelor,Sales,2.0258781537836317,2068-06-25,46247.45245044714
411,7.13484463426667,48.281941418490575,Bachelor,Sales,,2043-09-05,70068.0466529545
187,6.419712873720634,25.175126064616904,bachelor,Sales,1.1688551216616498,invalid,40000USD
612,4.833245987268635,19.36809191303343,Bachelor,Engineering,1.9097915932005702,2060-03-09,54738.54974204829
508,2.408027690960552,44.553052085705104,bachelor,Sales,2.4101052435371093,2051-08-24,54371.79693732011
440,4.833356903310143,42.348777860498174,Bachelor,Marketing,3.802128458618119,2046-01-22,66476.9954829892
601,7.270965849936056,33.1710355889516,Master,Engineering,3.395798848709747,2059-04-14,70725.86625315095
619,6.44302769521014,30.736424037944566,bachelor,Sales,2.1431481348722006,2060-10-05,74259.14769908873
699,7.772081057620703,,Bachelor,Marketing,4.50913101340455,2067-05-02,62433.29742822604
538,3.8463333673105238,29.672991603380886,Master,Sales,4.798725018351312,2054-02-09,41952.725270145194
244,7.5972655825103645,24.852432693071332,bachelor,Sales,1.577025074738327,2029-12-17,67742.8040726585
887,6.751784555977892,26.90396480078354,Master,Sales,2.538830267965381,2082-10-10,72754.61490795895
95,3.823675540603527,42.32640077215579,Master,Marketing,3.6030946849488337,2017-09-21,52910.72052845661
23,5.202584614063771,34.756454077390174,Bachelor,Marketing,2.8209067149838436,2011-10-23,60433.45376491504
179,4.206029500286132,25.114088928490826,High School,Sales,3.66470274533311,2024-08-15,51700.85375757276
471,4.174844908545068,46.966314866456514,High School,Marketing,3.7499002394237104,2048-08-09,57308.31588316402
329,6.872359451156465,22.903052571588923,Bachelor,Sales,3.9495945713644884,2036-12-10,58202.769098776495
43,4.653055152835279,45.78680833431296,PhD,nan,2.7640300127890285,2025-13-45,72399.4577817768
168,10.690378947961843,40.639091200523595,Bachelor,Marketing,5.0,2023-09-20,1643748.0448096737
978,0.0,44.475264621228575,High School,Marketing,1.7708164021995838,2090-04-01,31170.37331347871
798,7.044502092117874,27.039741431965112,Master,Marketing,1.5673287102603473,2075-06-19,67535.15193779372
345,3.586885083145032,44.495541354413234,Master,Engineering,3.0600859946151635,2038-04-04,51006.8419112129
517,6.502751562873142,50.13449743242131,Master,HR,2.7057574943635423,2052-05-20,68182.14398238742
564,4.021929403496476,,Bachelor,Engineering,2.2530767149298323,2056-03-30,57133.63916546678
196,6.15595213918651,39.40474737960399,High School,Sales,2.4494480682915123,99/99/9999,unknown
609,0.0,38.23079273116029,bachelor,Engineering,1.0,2059-12-10,49820.86373807155
715,4.887095892725455,29.646718140460774,Bachelor,Marketing,,2068-08-24,-1000
562,11.226202395936316,27.527883208521764,Master,Engineering,4.127780250633899,2056-01-30,1040361.620087526
170,2.738791506927531,43.53415558780308,bachelor,,,2023-11-19,
149,6.565824696850693,50.94505063224972,Master,nan,2.6294172375992173,2022-02-27,65556.05378706816
439,0.0,39.90974951638251,High School,Sales,4.598538112096342,2045-12-23,41732.84820532968
641,3.9926459021296155,35.24219456672758,PhD,Engineering,1.4291185428740878,2062-07-27,64266.277251514344
451,4.811962708180484,38.088330125989636,Bachelor,Engineering,3.204758882401784,invalid,55683.272674240565
117,4.89586469088427,59.03415585238275,Master,Engineering,2.475432986232949,2019-07-13,60747.55846775385
637,7.469511751885744,25.44877420650647,Bachelor,Sales,4.868817840543853,2062-03-29,85860.61271880259
45,0.5644340288977183,33.273727000591805,Bachelor,Engineering,3.4215460835365614,2013-08-13,38024.501541915546
801,7.8148514179279935,54.01190685753008,Bachelor,HR,3.5148835960763725,2075-09-17,86882.56646407789
729,3.3807209590719154,38.67287313401341,PhD,Marketing,3.1544936655952514,2025-13-45,63928.49777496371
273,8.489491256464879,24.07687235327421,bachelor,Marketing,2.9929550145194455,99/99/9999,unknown
15,0.0,52.359638031652494,High School,Sales,3.782130001531459,2011-02-25,33416.64345100009
946,1.789745701021542,31.30389663956366,nan,HR,2.362412457924036,2087-08-15,46356.13333749612
406,6.868549797042496,27.432049114305393,Bachelor,Sales,3.028457581183159,2043-04-08,75916.28960065072
921,8.220895249579316,18.0,PhD,eng,1.8130066116942554,2085-07-26,75375.58252639207
86,3.4947288692463903,39.300416471910694,High School,Marketing,3.0728740980155154,2016-12-25,61732.774874986484
673,3.9719372177589536,31.08241850956178,Bachelor,Marketing,3.759514887486108,2065-03-13,50288.57433886278
775,6.865429886651589,27.57529414301952,Master,Engineering,,2073-07-29,76599.73726882588
853,3.087838618080447,23.0636316824352,High School,Sales,3.551885971822154,2025-13-45,56043.91881281381
353,7.572978869606058,40.41462728204788,High School,Marketing,2.403025713278926,2038-11-30,73489.04829258764
185,4.329611644022448,25.103718634296627,High School,Marketing,1.2289314469119088,2025-02-11,4634771.065211624
271,9.323819867198345,,High School,HR,2.5480506280881223,2032-03-06,75597.33754018259
274,5.030699183058761,31.835915503051982,Bachelor,Marketing,2.7843904214319775,2032-06-04,72131.17874918964
74,9.693930967442018,22.170077758114303,nan,Sales,3.3123782104665715,,77669.17713009658
653,4.193333928335508,36.94384301577336,Bachelor,HR,2.410107682244392,2063-07-22,66674.60279714316
133,1.8130888588216854,51.13711269058647,Bachelor,HR,1.3619709425639832,2020-11-04,60667.80703456008
412,1.6260737244863925,40.5623000940066,PhD,Sales,2.968796511060916,2043-10-05,42083.897064063305
149,6.565824696850693,50.94505063224972,Master,nan,2.6294172375992173,2022-02-27,65556.05378706816
603,7.608817760316981,28.540358208754647,Master,Sales,4.284095793948117,2059-06-13,76100.19477510337
815,8.095533618405906,,Master,HR,2.8748255716168356,2076-11-10,65282.01035875976
996,4.156699121342135,45.701502383164275,Bachelor,Marketing,4.193112945851028,,71259.52134226049
469,3.4084965571684176,23.041169379648156,Master,HR,3.961987189071841,2048-06-10,53634.96498745869
308,3.22528583349251,34.90881003355796,Bachelor,Sales,3.7105491022977852,2035-03-21,47394.54272353643
532,0.0154398131931206,18.0,bachelor,Sales,2.86268903421112,invalid,33228.25357203143
529,5.7791675051644456,30.111505782137257,bachelor,Marketing,2.545205282622307,2025-13-45,77495.70905427261
359,5.968155681014268,20.210884312258713,bachelor,,2.72000669812552,2039-05-29,54774.080890662925
488,1.755355989156815,18.0,Bachelor,nan,1.0,2050-01-01,37132.82943713603
895,9.14647697311258,999.0,Bachelor,Sales,2.966074774072091,2083-06-07,-1000
71,6.084186816525242,34.53079421120816,PhD,HR,2.639960731243017,2015-10-02,69033.66147213848
779,4.776699712699861,30.7069777548274,PhD,Sales,,2073-11-26,65710.07835996454
467,6.842500100130276,,Master,Engineering,4.462195938717636,2048-04-11,92346.15987159057
92,7.9059349715986675,,Master,Sales,2.606470144030271,2017-06-23,80457.96625818753
642,10.007064575868178,49.12220555415429,Master,Engineering,4.355572935710348,2062-08-26,81848.8403790002
3,6.9430656143020775,35.59630369920174,Bachelor,HR,5.0,invalid,60347.6748430088
252,7.753585841164329,43.33528961608925,High School,Engineering,2.290211007766465,2025-13-45,
662,3.3594231762788236,33.81931473008921,Master,Sales,3.2106684652031108,2064-04-17,56293.95672549157
211,6.712671532079501,22.56136764608715,Master,Marketing,1.611457446168789,invalid,68597.0734307991
213,7.8620052904796065,27.815927344308026,High School,Sales,1.7827173077795206,2027-06-01,63241.89606232522
940,,35.97983153470896,High School,Marketing,2.4490181964617506,2087-02-16,59896.569561393946
462,5.105790655915186,22.757017637106344,High School,Sales,3.1812511626020505,2047-11-13,48991.77650799858
622,6.414405071407987,20.617220216826333,Bachelor,Sales,2.4619522415098616,2061-01-03,56626.41016030827
823,11.896694370857752,32.751440181919214,Bachelor,Sales,1.9415593663583472,2077-07-08,105596.62185390829
342,5.731061634475737,35.03046020153415,PhD,Marketing,4.528031359387833,,78541.11406725075
941,1.159086803987317,38.08050539504102,High School,HR,3.1680153405325284,2087-03-18,58419.47867672082
630,8.282574555412847,43.52773675122219,nan,HR,1.196137207437635,2061-08-31,67650.39490382063
209,6.545143058918144,20.973947282003067,Bachelor,Sales,2.0066413004180492,2027-02-01,76306.08906228468
369,5.293028295646495,30.567177488084898,Master,Engineering,4.116833775529955,2040-03-24,67196.0737951612
326,,18.0,Bachelor,HR,2.908155235665045,2025-13-45,38600.7744520222
120,7.255799098060322,45.50654396007612,Master,Sales,3.0394470482407394,2019-10-11,76121.85988482546
213,7.8620052904796065,27.815927344308026,High School,Sales,1.7827173077795206,2027-06-01,63241.89606232522
5,4.297539875829992,41.982233136135896,PhD,Engineering,4.2592332397867985,2025-13-45,69798.09276561666
560,3.737046557539211,32.28876398957431,High School,Sales,3.2435302041863445,invalid,72563.43358321046
758,5.554508371084622,44.528745472029385,Bachelor,Sales,1.4178232366538728,2072-03-06,58267.86270832344
677,1.6682724636025137,47.17158520825497,High School,Engineering,3.290897057590006,2065-07-11,46479.95486519491
531,6.915777376332121,36.40886246911204,High School,HR,2.392353654626527,2053-07-14,77473.55916151487
894,8.507886771337018,33.90390196074169,Bachelor,HR,3.5533889830744267,,65402.75563393074
858,6.414246669159212,32.49953485401047,PhD,Engineering,3.099886954409213,2080-05-23,62419.52548851553
343,5.734899713326168,39.369381697463496,Bachelor,HR,3.8875039674140592,2038-02-03,
929,9.696572087703021,46.00959634998571,bachelor,Marketing,3.348341739246127,2086-03-23,77645.97515747715
983,2.0990715706123613,28.73282775410035,Bachelor,Marketing,3.808919269392719,2090-08-29,41579.90784837697
799,5.084955128391384,45.76007138598598,Bachelor,HR,3.145836470215384,2075-07-19,77448.83662957673
571,5.055255137568655,42.94264679621827,Bachelor,Sales,3.0128286435436853,2056-10-26,59492.53688746204
572,10.029311936825849,22.457105768307507,Bachelor,Engineering,3.4798270353668332,2025-13-45,74735.59529082626
707,1.1587119425111507,41.72573701202731,Bachelor,Sales,1.944910631823305,2067-12-28,51428.040215562236
456,,18.0,Master,Sales,2.5848997110366305,2047-05-17,51985.387376381055
294,7.548806291063074,43.38490774451642,Master,Sales,2.1096821519801283,2034-01-25,92993.85966817081
593,6.436939477239175,39.365598041576675,Bachelor,Marketing,2.153640280113027,2058-08-17,77050.16661031413
124,0.7944468116231569,23.569950872695166,Bachelor,Sales,1.0,2020-02-08,
761,,51.39964529371393,Bachelor,HR,1.0,2072-06-04,50950.98338423534
41,7.215399739986231,,Bachelor,Sales,3.5964411375817527,2013-04-15,79398.96796127234
948,2.924275790356267,,Bachelor,Engineering,2.696649932522866,2087-10-14,51733.742266997775
494,2.416147396015209,,bachelor,Marketing,1.088359449348243,invalid,42480.46675454246
737,5.768089202941627,24.46317580853646,Bachelor,Engineering,2.404465064816141,2070-06-15,62076.744327952576
35,7.4676347363095665,30.16813537700626,Bachelor,Marketing,4.897767016745977,2012-10-17,62357.010233997134
584,11.812078573413189,35.61679849847972,B.Sc,Sales,2.033753680246746,2057-11-20,unknown
42,5.514104843569911,30.4111573713106,Master,Sales,2.3657141523105967,2013-05-15,52186.61217016932
509,5.145564883834481,35.884068862918475,Master,HR,2.867830644355628,2051-09-23,46428.81283717521
296,2.9212712142180375,34.01110346808857,bachelor,Marketing,3.5362909095171897,2034-03-26,48587.83788483536
907,0.920431577060242,19.291238479315005,bachelor,HR,2.1948282482571235,2084-06-01,42338.980449326606
377,7.6169619101620345,28.309272613400836,Bachelor,nan,3.311109991143195,2040-11-19,78981.80803013228
782,0.9939669238696958,34.16894427371305,Master,HR,2.453958201183279,2074-02-24,55167.278480661065
552,4.532968293823761,32.96326249823034,Bachelor,Sales,4.638359732270941,99/99/9999,60744.204986337936
391,2.3047559859549263,39.59972142939117,bachelor,Sales,4.362562852712452,2042-01-13,56581.15292776922
331,4.963259681459256,50.30750832343698,Bachelor,Engineering,4.855503314794263,invalid,70349.62279248635
671,8.738255577492886,32.61067900830306,Master,Engineering,3.9976320769202447,2065-01-12,4862502.89135037
481,4.6162472255577,42.22381357827771,Master,Engineering,3.572006278300473,2049-06-05,63126.78060382215
115,4.422917105656633,36.504189051435766,Bachelor,Sales,2.8596249410946637,2019-05-14,57146.818327988876
2,4.585207096486446,44.246336829127685,High School,Engineering,3.604120889588518,2010-01-31,
132,5.205688924418082,39.21920754235285,Bachelor,Marketing,4.703172609918038,2020-10-05,62309.19042371558
480,8.358724734303731,30.625416996765896,Master,Sales,4.053985771182877,2049-05-06,66402.79719915219
935,6.320043350159997,61.44343347017035,Bachelor,Engineering,4.180128173741528,2086-09-19,73075.51091912182
916,5.8370645773110175,29.57326200265978,B.Sc,Sales,3.37940539760511,2085-02-26,62656.55105617312
303,7.241880815369786,33.25040243304591,Master,Marketing,2.200059493298066,2034-10-22,60582.966943362604
264,1.9268370759971303,25.793264069206337,Master,Marketing,1.8928431831975483,2031-08-09,49661.94858864991
931,3.334401419920405,22.70450405547583,Bachelor,Engineering,2.512294627051255,2086-05-22,56953.0182436707
817,5.801150797607777,18.0,bachelor,Sales,2.8847757674478025,2077-01-09,49650.44718230775
52,3.8447531587510504,38.95803533437409,High School,Engineering,2.8174310256204587,2014-03-11,60084.5584686392
990,5.080657516983592,39.31922544673941,Bachelor,Engineering,3.831616786180404,2091-03-27,56052.454182605965
973,7.521930646966172,41.55900776529761,Bachelor,HR,2.103667341407938,2089-11-02,61630.75076737542
591,5.214698711658177,24.278609880143932,Bachelor,Engineering,3.2783486346446695,2025-13-45,60593.08371100774
502,10.728249921410391,29.488142836714665,Bachelor,Sales,4.420504287271063,2051-02-25,85772.90796039984
499,2.3731452398457282,45.240625258114626,Bachelor,Marketing,4.139555536025469,2025-13-45,
886,,37.80161158819607,Bachelor,,3.5140625524247757,2082-09-10,80419.07867429838
934,0.0,33.94051645695864,Bachelor,Marketing,5.0,2086-08-20,39827.304985066774
228,1.7667656662120814,33.529979983715116,Bachelor,eng,2.876271053725164,2028-08-24,
6,,38.934853854217494,bachelor,Engineering,4.146440870400728,2010-05-31,55093.307180240205
709,0.0,33.67366253617426,Master,nan,,2068-02-26,38056.00632527155
525,2.7102225303724494,31.27793223928947,Bachelor,Engineering,4.629642131112798,2053-01-15,42627.746473929124
358,4.134024083239585,38.91804005402547,High School,Marketing,3.4281862478105762,2039-04-29,71379.83873647968
753,2.072380241068002,28.459243168725763,Bachelor,Sales,4.948342644789813,2071-10-08,53324.38569383217
72,9.614109699397908,39.770408272231215,Bachelor,Sales,2.271922902144679,2015-11-01,40000USD
835,4.895945337839656,28.87562625359562,High School,Engineering,2.099409647463938,2078-07-03,60890.931533482144
384,3.4227349349577167,28.942850769966615,Master,Sales,,2041-06-17,42455.425174186654
314,7.440528908001916,40.578103063518626,Bachelor,Engineering,2.0574419942081237,2035-09-17,72641.94840126006
806,4.072483629594082,19.158640569945103,Bachelor,nan,1.642482460158065,2076-02-14,46377.66365226508
1000,6.717748344068475,27.55097355193551,Bachelor,Engineering,1.920157552218513,2092-01-21,72742.44832785058
956,8.351887494764384,,High School,Sales,3.58431416643531,2088-06-10,73576.89810665016
143,0.17755029631631736,33.499444129674735,Bachelor,HR,1.0,2021-08-31,51177.18732871237
811,4.439385067515923,30.169389483165606,PhD,Engineering,,2076-07-13,69206.41785928115
217,2.6815243563872846,28.265093757561317,High School,Marketing,3.0347137487525617,2027-09-29,48426.30883027266
850,3.407009134994547,39.27194361871685,PhD,Sales,3.5001430331138836,2079-09-26,58324.16764115333
134,6.420777291905544,39.5353430151398,PhD,Sales,1.2136245346453134,2020-12-04,74884.02679686974
969,4.87952614806697,,High School,Engineering,2.4623542422201834,2089-07-05,50280.884885547435
51,5.972251908184385,28.744372984904707,Bachelor,Marketing,2.503067974882022,2014-02-09,66207.63344454257
555,,32.73521108098473,?,Engineering,1.4810891749099322,2055-07-04,78965.4835892143
495,9.569372231808972,999.0,High School,Marketing,4.311167497802624,2050-07-30,94717.0354624068
909,6.9364525434232265,23.060749936009444,Bachelor,Engineering,1.0,2084-07-31,69602.06070258337
955,4.753546464822294,29.043387059565077,bachelor,Marketing,3.370211889941741,2088-05-11,54250.06613383959
845,5.4993566246391685,36.598563919974005,nan,Engineering,2.4469101830858677,2079-04-29,61920.91988434503
783,6.14059355301789,,Master,Marketing,1.9078787996514328,2074-03-26,62296.93778084116
182,2.4285273307511526,48.92002286344599,Bachelor,Engineering,2.502429161614793,2024-11-13,49366.80992934455
162,7.361253811227356,57.90942572590742,Bachelor,nan,3.3291067787101296,2023-03-24,89376.5142971141
626,3.4663529707064447,45.80048065714649,High School,Engineering,3.5583364232117054,invalid,67211.280445912
830,,35.188496229448475,High School,HR,1.0,2078-02-03,50357.540733293776
727,5.0553017991961795,29.64036554885952,PhD,Engineering,1.8725039010469613,2069-08-19,77838.41903349811
911,,52.32514999485092,Master,Marketing,2.0412215438132253,2084-09-29,65564.5383559092
570,3.945459547876074,29.709473226537053,High School,Marketing,3.0841682301856963,2056-09-26,44249.95210456349
96,0.6094551556036443,34.19283419891418,Master,Marketing,,2017-10-21,57460.08727135061
800,5.089268418487236,35.21311648671942,Bachelor,Engineering,3.585299436516338,2075-08-18,61783.26790322341
942,7.6173719848404335,31.08351432578209,Bachelor,Engineering,3.9452115346114836,2087-04-17,66647.7458259113
355,4.9429513762919335,29.234895992732806,High School,,2.58777925497553,2039-01-29,50k
923,5.398909022440628,,High School,,,99/99/9999,71244.23157062125
487,3.0602813472724204,20.816342670669684,Bachelor,Sales,2.6368833388444335,2025-13-45,53118.719111833336
937,1.9363015486078603,37.537396614945735,Bachelor,Sales,1.612131449544198,2086-11-18,56876.180089037676
299,7.438586356516881,37.673923140719026,Master,nan,3.1430487698789524,2034-06-24,
351,5.932722696794014,23.298869739406406,Bachelor,Engineering,3.379153118726124,2038-10-01,67666.2719253179
611,6.963096969062173,32.08188731084456,PhD,nan,3.2436572237027144,2060-02-08,76957.60629026002
933,,30.346895432199467,High School,Sales,3.496400117733941,2086-07-21,42495.272218819824
767,4.895034528509115,56.70942717497814,Bachelor,nan,3.227034478864889,2072-12-01,61240.26885651467
759,2.4249266594563594,51.122782579886454,Bachelor,Marketing,2.0596010835156466,2072-04-05,60143.40715110487
90,6.539802299340068,33.03650150915022,Master,Sales,2.916282040150788,2017-04-24,63390.26999750999
728,6.042745116085014,,PhD,Engineering,4.127908993253569,2069-09-18,58483.312052393245
702,8.147027677510668,39.891871301476634,Master,nan,2.5696906800453574,99/99/9999,82167.56786008214
233,5.136715519711442,34.117179516487454,High School,Marketing,2.955106969877463,2029-01-21,72563.32832818733
276,,36.417169136399046,Bachelor,Marketing,2.271538378319657,2032-08-03,68799.67724401804
184,6.4474172457295555,19.294993963768228,Bachelor,nan,,2025-01-12,63383.57197619541
70,,38.46503881730716,Bachelor,HR,5.0,2015-09-02,42916.853705634094
113,5.180690629823079,43.70067730688754,Bachelor,Engineering,2.08367908092658,2019-03-15,57569.098797654355
57,2.4823474303320845,34.744459290085544,High School,Sales,3.258661147855388,2014-08-08,46593.075745080736
240,7.557300004388672,51.283966231285376,High School,Marketing,3.4809080927488956,2029-08-19,50k
896,6.946129662768928,31.299889701178724,bachelor,Marketing,1.4052440418366676,2083-07-07,64467.13151023308
87,7.746206353106222,45.30283454031842,Master,Sales,3.0731969910016943,2017-01-24,81513.07997033178
465,4.66301585092751,29.194765501952773,Bachelor,Engineering,1.9803046802911433,2048-02-11,58096.001268628774
318,4.069199730219632,31.947752956453325,Bachelor,Marketing,1.5931849905024618,2036-01-15,3262155.6584786405
212,8.406696920541798,28.070948022040927,High School,HR,1.39972889549629,2027-05-02,77971.21875458921
683,3.426439201160679,25.96298139269872,Bachelor,Engineering,1.6414259847425257,2066-01-07,57071.948792163035
548,4.390863841871022,38.01791899819466,Master,Marketing,3.3379575282321183,99/99/9999,66000.31825392223
712,4.709860664388823,33.796188360464015,nan,Marketing,,invalid,66066.29781184114
292,3.520997196023502,59.92999517432791,Bachelor,,3.175536229578598,2033-11-26,66300.0197526413
55,8.092998567487854,29.4969484615458,Master,Sales,2.188999136371155,2014-06-09,71711.04882251771
663,4.9017401893520045,18.0,High School,Sales,3.2095342302627943,2064-05-17,64217.03038070609
430,0.0,32.23186700111079,High School,Engineering,,2045-03-28,45293.06506702362
902,3.819983563017918,31.6618051024399,High School,Engineering,2.042431044984788,2084-01-03,52541.48341707342
563,7.6133741102950765,18.0,Master,,3.0861108682589777,2056-02-29,64059.046164616775
475,9.93490314050385,27.1510168691776,Master,Engineering,2.0083033365596896,2048-12-07,78261.85734353302
138,4.033815451382973,22.723921848630077,High School,Engineering,4.06977145498385,2021-04-03,40000USD
366,3.7963385843424913,,bachelor,nan,2.388614752611372,2039-12-25,63702.027230777305
30,4.12491875062017,24.772074348015945,Master,,3.8946471875738724,2012-05-20,67046.8395933605
720,4.8291631288367975,30.645136294301565,Bachelor,Sales,,2069-01-21,51855.35585611618
860,6.8987954532665325,37.603218387712204,bachelor,Sales,4.496710407445981,2080-07-22,66918.03387207242
119,8.42846844354506,-5.0,High School,HR,3.424066861518451,2019-09-11,70144.15951851006
424,7.914712852863066,26.607903326609936,High School,Engineering,3.198680009547407,2044-09-29,76074.92473777589
286,0.0,21.68767046442222,Bachelor,Marketing,4.191899334413573,,27156.264768243855
93,2.893840718367943,42.2762954363698,Bachelor,Sales,3.1786947168104756,2017-07-23,48163.77983573031
924,2.8996375551824802,37.39246864111149,Master,nan,2.064403701237574,2085-10-24,54715.475421534364
952,6.056166189542891,47.619215007139914,Master,Marketing,4.945195074276933,2088-02-11,56957.63315221158
148,1.038630160747171,20.599491174057057,Bachelor,Sales,2.8406377678540933,2022-01-28,48339.63574968486
574,4.342698413573407,21.43418195376595,Bachelor,Engineering,1.1636402162296027,2057-01-24,
863,9.642515603990185,42.93488720552213,Bachelor,Sales,4.149672018878747,2080-10-20,93819.7971953908
339,6.238794362826873,31.118231814587713,Bachelor,,1.8206308783673828,2037-10-06,63958.53107245424
155,5.879217419896044,51.42015160136369,High School,Marketing,2.0048515181466207,2022-08-26,72998.80308998018
680,8.814665284982476,30.683796872819517,Bachelor,Engineering,3.9294099847908157,2065-10-09,84385.91628973115
446,7.009017646490115,28.48643106208171,Bachelor,Sales,3.9567031863856585,2046-07-21,65361.00949611058
159,1.426089508392054,44.81765486991594,High School,Engineering,4.428857707813568,invalid,38505.732811731395
762,5.3660294439360845,42.42127491071892,Bachelor,HR,3.047493468251643,2072-07-04,59718.72861418732
661,3.2790139793592914,48.17115067339866,Bachelor,Sales,4.075343401956898,2064-03-18,67520.71156290003
160,6.969660825901489,31.751686164913774,Bachelor,Marketing,1.5258678679578943,2023-01-23,68991.29038926956
943,6.950603533875983,37.69126941245107,High School,Marketing,3.5008315910042116,2087-05-17,73401.2891086818
390,3.269289033012791,27.465821296538167,Bachelor,Sales,1.9503445010900589,2041-12-14,50453.407741652576
926,0.43043928564867606,25.806154084135766,Master,Marketing,2.087189080703487,2085-12-23,51775.27698775461
485,2.73094776414709,37.24684725751886,Master,Sales,2.55405628613884,2049-10-03,45539.63496781686
743,3.1255442669129634,35.700521631131814,High School,Engineering,3.7547332980678094,2070-12-12,
751,2.230300261667287,18.0,Bachelor,Marketing,3.94118186641997,2071-08-09,54031.00554752797
592,3.56702765970465,18.0,High School,Engineering,2.4907866374008654,2058-07-18,57871.88817609158
684,6.468123683683754,38.24359281721603,Master,Engineering,1.9202636787241516,2066-02-06,85461.05182580189
33,4.9595083257861985,38.992231226052795,High School,Marketing,1.0217747506251897,2012-08-18,53815.54561516612
187,6.419712873720634,25.175126064616904,bachelor,Sales,1.1688551216616498,invalid,40000USD
522,6.630080577139806,40.82097703468616,Master,HR,2.2226285151540934,2052-10-17,62073.1281280567
789,4.789502865624059,38.1917451041918,?,Engineering,3.295279940620868,2074-09-22,55986.58639862796
415,5.996942035938775,28.56481769619857,Bachelor,Sales,1.6331416367191736,2044-01-03,68276.54699428381
533,4.8017606040580505,38.23167714184781,Master,Engineering,3.9577916144729057,2053-09-12,73141.47312639857
876,10.383673590553363,48.95683810789956,High School,Engineering,1.8435841832561433,2081-11-14,80299.59012001383
315,8.916436421462986,35.103526198433805,bachelor,Marketing,4.614778790709852,2035-10-17,81241.59497149265
613,5.839905878959461,43.83109777147159,Bachelor,Engineering,2.01446039927907,2060-04-08,57134.30919367688
167,7.4661804799834695,48.84272818510518,High School,nan,,2023-08-21,79812.63523286386
48,8.171366678656748,19.236078430157505,Master,Engineering,3.3700611152689555,2013-11-11,76432.18864181024
760,7.100929638226974,48.14914453584048,High School,Engineering,2.4392390930201397,2072-05-05,72812.56118563839
147,1.2891478673657542,24.037249131047982,bachelor,Marketing,2.5421516138175106,2021-12-29,55557.20296644367
838,2.004937877783627,36.085597057765234,nan,Engineering,2.155675962816929,2078-10-01,49253.54296126557
198,5.461175317836584,40.524899544171475,Master,Sales,,2026-03-08,60916.57843980143
354,4.520184410109719,42.59155160302647,Master,Marketing,1.0,2038-12-30,1441106.9131062673
130,3.4895730376514025,38.2876241030348,High School,Marketing,2.893662997468685,2020-08-06,60907.029201074874
841,4.851608871042701,33.71462488561069,High School,Sales,1.2188415855343666,2078-12-30,62145.85832590087
553,8.503346184979423,26.220174132434387,High School,Engineering,3.3813096122647845,2055-05-05,79772.00651902075
772,3.312599672317197,51.95051040430753,Master,Engineering,2.175387749565239,99/99/9999,49221.90506667498
434,7.152626767387887,29.169225614310616,B.Sc,HR,3.7835896647986065,2045-07-26,60235.244033072915
784,6.8317572358514695,42.60055963689602,Master,Sales,3.135338347892291,2074-04-25,58184.54948663676
26,5.332767769129598,39.36323669674032,Bachelor,nan,3.73463754545933,2012-01-21,69235.08419678855
234,3.045198957182549,60.79709337654319,PhD,Marketing,3.182501030599213,2029-02-20,64806.00619253755
927,3.323234458185235,18.0,PhD,Engineering,2.582569618010568,99/99/9999,42840.294683632805
716,8.309905646049565,34.094667176958396,High School,Marketing,1.4021278655051623,2068-09-23,83749.74217367076
820,8.196441125196053,,Bachelor,Marketing,3.876169167191233,2077-04-09,66020.18355694429
889,6.771964492076927,30.261606529290837,Bachelor,,1.6055049311407383,2082-12-09,77976.06988636064
394,10.494376297563061,36.36535331082737,Master,HR,1.876505966760402,2042-04-13,75070.11750131958
537,2.4187599041481427,40.136001065697165,Master,Sales,2.11924591039727,2054-01-10,51691.4933366427
381,2.480834473457672,41.77925871339269,Master,Engineering,2.6028046838540124,2041-03-19,48426.34259489699
1,6.490142459033698,48.99355436586002,Bachelor,Marketing,4.068379333694017,2010-01-01,72827.20496486293
846,,24.72324859074042,Bachelor,Sales,3.6958638390937852,2079-05-29,69215.03258686326
360,2.5183071693430312,36.83359919779156,Bachelor,Marketing,,2039-06-28,57934.61745207486
508,2.408027690960552,44.553052085705104,bachelor,Sales,2.4101052435371093,2051-08-24,54371.79693732011
210,16.558194471964164,52.495767431869396,nan,Marketing,1.9841211730100217,2027-03-03,114433.55127332997
843,1.6318339353131042,29.512750922590385,Bachelor,Sales,3.226684248494597,2079-02-28,41994.46229505475
828,3.431419918540195,49.1093237974627,Master,Marketing,1.0504382822456328,2077-12-05,54193.48180031188
442,4.901915755717721,46.73473857485325,nan,HR,1.5837729442073545,2046-03-23,60297.578643063025
660,4.5669187642281726,,Master,Engineering,2.942482246994537,2064-02-17,61633.96319786241
518,2.0673342656043467,41.30811684554777,Bachelor,Sales,4.356583385827982,2052-06-19,61938.53086302565
655,12.72007940974958,38.38483843461691,High School,Sales,3.025210867540082,,91423.152442015
949,4.8632419509335065,46.26050250772168,nan,Marketing,,2087-11-13,65665.26206321383
734,0.0,,High School,Engineering,1.9233208725289865,2070-03-17,42028.69559988468
69,6.084908075142902,30.32298798688109,Bachelor,Engineering,3.16048962397348,2025-13-45,62004.05585367364
142,8.921428262847284,48.75706813311619,Bachelor,Sales,2.1718037270347654,2021-08-01,72129.41946543593
452,,52.02214944635238,nan,Sales,3.765878279480615,2025-13-45,71268.03961344148
255,0.4418901021379593,47.27668992473292,bachelor,HR,4.6087808557343735,2030-11-12,37309.90540640547
349,2.8446673362426917,-5.0,Bachelor,Sales,2.650560672783044,2038-08-02,56324.20906854821
231,2.8089001048485898,29.425082149921664,Bachelor,Engineering,2.600100937868863,2028-11-22,50418.27419732438
947,0.42342448722578396,38.77100393902187,Master,Engineering,3.216683118964286,2087-09-14,46863.66432083837
370,2.6809706484336004,26.15197285973099,PhD,Marketing,3.1864161697440463,2040-04-23,
582,3.754136258297596,46.48637349428715,PhD,Sales,2.8393688804745056,2057-09-21,64840.306879339376
208,6.541357852736626,28.37099082449052,Bachelor,Sales,3.212093353074175,2027-01-02,
290,3.1319014405382184,18.0,High School,Sales,2.8037193486120633,2033-09-27,62797.034489655736
305,4.937295218107556,40.365098435704034,High School,Engineering,2.606947242938599,2034-12-21,55001.219660268594
304,6.831110796300394,27.442548405071552,Bachelor,Sales,1.0919978628766924,2034-11-21,63052.0794651393
476,4.252891881330865,41.48280433843859,Bachelor,HR,2.367119725115208,2049-01-06,46317.05469596564
88,5.986253328979053,37.387891590265134,Master,Marketing,2.84975701120174,2017-02-23,62669.68007239445
705,0.3301124794282888,39.098186569285126,Master,Marketing,,2067-10-29,3756628.926898033
295,6.071046457895142,35.81829358547565,?,Marketing,2.9359222358512835,2034-02-24,54853.002057163154
919,3.6606991563484153,33.318561814152105,Bachelor,Sales,3.6577631761503735,2085-05-27,49572.65110439052
957,6.028176039133113,18.0,nan,Marketing,2.8995242794282947,2088-07-10,71167.2589434934
403,5.015731099154549,46.85704154662997,PhD,Sales,1.0245122287828625,2043-01-08,71720.95411137803
389,7.851271514558151,35.320041490657665,Master,Marketing,3.5681032051286463,99/99/9999,79494.47105253728
112,4.920458373652349,37.17432873179723,Master,,4.452616745486179,2019-02-13,62224.814161334034
643,4.221225945909186,34.203586087542845,Bachelor,HR,2.389142360194934,2062-09-25,40000USD
235,11.431832267975977,26.963254320302692,bachelor,Sales,2.329884799545767,2029-03-22,78565.0340849858
374,7.8778124782556205,18.86438602123259,Master,Marketing,3.7688396759688967,2040-08-21,58504.27539296918
690,6.33278993445812,32.410950262959226,bachelor,HR,3.363970630852738,2066-08-05,59326.57793335386
67,4.783969635258998,22.053185242790942,Bachelor,Marketing,3.0071784669079418,2015-06-04,46797.650242688025
872,2.6051082663846388,32.850789697112646,High School,Sales,4.849362141386381,2081-07-17,45201.45133775475
312,8.296330555961571,43.17766299200287,High School,HR,2.86993970644638,2035-07-19,73088.52119435169
104,2.5931681923351433,33.604103718448265,Bachelor,Marketing,4.057368305378225,2018-06-18,57277.4076789014
58,,46.72729019259364,Bachelor,,3.2127397758576604,2014-09-07,71554.8467442886
854,8.567049593322656,44.191541736100014,High School,Engineering,3.6802302084176293,2080-01-24,70667.39643269898
777,2.818588472525394,28.882309090947146,Master,HR,2.4743690660146154,2073-09-27,
991,5.625148423842657,43.00409525227683,Master,Sales,3.2094700836477728,2091-04-26,59806.71876293404
679,7.807035179442384,44.9831089814796,Bachelor,Marketing,1.8787562599056082,99/99/9999,83434.82206652856
230,7.038793246804028,57.10523001591351,High School,Engineering,1.8159694417774406,2028-10-23,69764.70185601842
511,5.8113704773395165,23.58310885866495,High School,HR,1.499778138553064,2051-11-22,56823.505606912295
77,5.261141204714514,19.43418101340249,Bachelor,Sales,3.7313802525749926,2016-03-30,51788.1294961657
301,2.513014967233783,28.31909546356951,Bachelor,Engineering,3.6928575842374367,2034-08-23,50959.95710970925
964,7.127011272765537,41.45215585950057,High School,Marketing,2.033843276629583,2089-02-05,75973.07343794702
332,2.3082368855425055,47.18761851697317,High School,Sales,3.2242347445352917,2037-03-10,53489.753385688666
105,4.516142865001973,46.081828167375164,Bachelor,HR,3.872197000072978,2018-07-18,45359.4031495542
573,5.980782121292488,37.935579321666296,Bachelor,Marketing,2.7313542466902576,2056-12-25,57927.37690738268
352,,18.0,High School,HR,4.230222175650788,2025-13-45,71519.47895764656
257,8.800733447559868,51.72572386837703,Bachelor,Marketing,4.090861670603698,2031-01-11,85971.64317006995
558,3.7023254365411375,26.96821049319655,Bachelor,Engineering,2.9051757687191277,2055-10-02,42299.92414075802
246,3.996496292477155,22.760597332377436,Bachelor,Engineering,2.6024422345082785,2030-02-15,50050.477717655995
701,3.4318309384428813,38.50630099273559,nan,Engineering,3.508608373233442,2067-07-01,59171.780427438825
375,11.459547372534669,49.711703274936085,PhD,HR,2.3917734925552407,2040-09-20,94801.60379028298
698,1.2466592708440913,28.222550294751485,High School,eng,,2067-04-02,36154.007337701456
89,3.4107193886988836,32.40957854179297,bachelor,,4.191707497107065,2017-03-25,58491.42702560891
46,2.840467374815874,43.83659937486672,Bachelor,Engineering,3.266818396295402,2013-09-12,53408.650063174755
595,8.112619832773698,18.0,Bachelor,Sales,2.5212414284783113,2058-10-16,78285.38791614404
884,8.132482631207216,29.075357408471056,bachelor,Engineering,3.5442203523403473,2082-07-12,79886.46232471717
714,6.197408343056212,43.47421677150422,Bachelor,HR,3.7034279167873088,2068-07-25,69128.51157648754
415,5.996942035938775,28.56481769619857,Bachelor,Sales,1.6331416367191736,2044-01-03,68276.54699428381
578,7.312595581660901,46.64739354457171,Master,Engineering,2.753616597485452,2057-05-24,81592.76237544965
191,3.660455143798937,36.0537550614596,bachelor,HR,2.849679539728128,2025-08-10,51838.64103415317
31,3.1948801633118094,,Bachelor,Engineering,1.627140548518936,2012-06-19,46632.10914292033
101,0.7538877738487573,44.98010109859652,Bachelor,Engineering,3.5333592447054496,,61810.75758883771
979,0.24829152954283007,27.27122332176391,bachelor,Engineering,4.45211769918256,2090-05-01,26537.588353830535
66,9.068720085712469,23.80330105373856,Master,HR,3.3641402960546616,2015-05-05,79926.09919713624
538,3.8463333673105238,29.672991603380886,Master,Sales,4.798725018351312,2054-02-09,41952.725270145194
323,2.5453379502995825,34.29501221940909,nan,Marketing,4.0094717885959685,2036-06-13,3073630.178938303
774,7.91766334888019,36.94607455237243,High School,eng,4.195480650825479,invalid,74706.22944777654
740,8.04311019505439,52.10613372581925,PhD,Engineering,2.5982049730583663,2070-09-13,70873.17738406976
131,0.3480097068016015,38.21357215450273,High School,HR,3.99558151400203,2020-09-05,39712.5703401805
918,5.559827369469074,28.79152401748884,Master,Marketing,3.2656169931725336,2085-04-27,62327.513351699265
249,10.296362720843291,37.33785911790748,B.Sc,Engineering,2.0319542414897547,2030-05-16,74598.55302595341
129,5.298954095262924,999.0,Bachelor,Sales,,2020-07-07,56932.00964896108
510,2.5071496507668867,49.77530081055262,High School,Sales,3.072278965384289,2051-10-23,58229.7677371703
736,6.417792447239129,18.83689391563412,nan,Sales,4.03630289207248,2070-05-16,54283.4221963468
757,,33.62551485372308,Bachelor,HR,2.952629297455564,2072-02-05,
426,9.105894672597046,18.0,Master,Engineering,2.4208758903642535,2044-11-28,70707.31192738433
986,1.5249059324223717,40.130854200972934,Bachelor,Marketing,2.778463402416262,2090-11-27,53062.5266420332
802,3.4518658153478783,34.39339186185379,Bachelor,Engineering,3.819925252635234,2075-10-17,59158.91812155386
498,4.428983965749175,47.083662305931426,Master,Marketing,3.079801484058733,2050-10-28,59036.558681008246
341,2.5333388133007055,,PhD,Engineering,3.6715311717290535,2037-12-05,45285.13590040661
47,3.618083687120637,41.5232287841342,High School,,2.660877720729961,invalid,67596.5151756887
393,1.0393003789380737,55.13387247526623,Bachelor,HR,5.0,2042-03-14,48671.91086250154
398,9.061617122496239,25.283859614893487,B.Sc,Sales,2.4517997018332274,2042-08-11,69523.36999103449
85,2.5745191913204373,38.819354522315535,High School,Marketing,2.9353113949674814,2016-11-25,38225.322348614885
7,9.737638446522174,43.95193220027733,High School,Sales,2.0266211619729653,2010-06-30,94496.01898857916
703,2.886968928371722,41.3472146856177,Bachelor,Marketing,1.5159433350756648,2067-08-30,55923.793379036164
598,2.063708852653078,55.574954697116986,Bachelor,Engineering,2.2839565637241597,2059-01-14,52485.26308948119
383,0.0,56.57308213265503,Bachelor,eng,3.347561613803552,2041-05-18,36407.986743943686
416,2.754540390330339,44.278401280812375,bachelor,Engineering,3.5925672738473304,2025-13-45,49342.871367285064
589,,26.724097793512804,Master,Engineering,4.813407698515423,2058-04-19,66998.62712795864
875,4.900619081378609,48.10308746119608,Master,Engineering,2.4199836673463153,2081-10-15,67291.48144051777
177,5.039005675633721,18.070431858046145,Bachelor,Marketing,2.02463397272175,2024-06-16,2474709.695396579
689,7.1328799046104745,37.83287871546142,Bachelor,Sales,2.9318765748320468,2066-07-06,80434.03242567288
881,12.580797277620865,44.64851633097457,nan,Sales,3.323185482458206,2082-04-13,106334.95133517985
848,12.365900419732682,26.338251517854992,bachelor,HR,2.7274552786381907,2025-13-45,86700.61807332546
27,1.5470192677330914,35.380034781682,B.Sc,HR,2.0141961913321733,2012-02-20,40000USD
518,2.0673342656043467,41.30811684554777,Bachelor,Sales,4.356583385827982,2052-06-19,61938.53086302565
150,5.890954019699558,26.530386516816723,Bachelor,Engineering,1.6519528880598329,2022-03-29,68319.86588865632
116,5.904642027000837,,Master,Sales,3.307612668189196,invalid,54970.076812957144
165,7.8901283877329655,,Bachelor,Engineering,2.3077496707341036,2023-06-22,68779.44952750191
328,,33.55912444278385,Bachelor,Marketing,3.548319627554499,2036-11-10,unknown
549,6.113437620113927,42.660802783846904,bachelor,Sales,3.8913036868697555,2055-01-05,68890.86056375345
554,5.763262529903639,26.7311964596014,Master,Marketing,,2055-06-04,56829.06908153432
877,,29.37831973421698,PhD,Marketing,3.850079332417553,2081-12-14,56613.14902814112
620,5.671652072837394,46.48445709196755,High School,Sales,1.8739460390889497,2060-11-04,66132.09617775922
963,5.58956350910441,40.211224283793385,Bachelor,Sales,3.872824351005635,2089-01-06,69682.20124369072
790,0.01711719945202539,48.40450446023144,Master,,2.223500859507,2074-10-22,51941.43318733762
666,5.319290683075691,34.77131937701118,Master,Sales,4.035443416416944,2064-08-15,56149.23444146487
528,5.144254839984146,50.43243528272189,nan,Engineering,1.109989828817057,2053-04-15,56165.93701713855
98,5.783165816539668,18.0,Bachelor,Sales,3.2647753109779796,2017-12-20,66633.69154355513
214,6.954173753917394,43.949243769444415,High School,Engineering,3.1594625068041293,2027-07-01,78519.81152694592
752,0.9449461831509991,41.77875319530908,PhD,Engineering,3.1918977358730363,2071-09-08,39398.49775783145
770,10.437345673990787,40.51485376040468,High School,Sales,3.680220360476691,2073-03-01,81140.35773503472
380,,53.260097135469366,bachelor,Engineering,4.290644460922547,2041-02-17,65218.44772808983
215,4.054192266078963,32.05050321707972,Master,Engineering,2.107212484508116,2027-07-31,68251.532434248
428,7.058154379995318,23.96791634278317,High School,,3.696167997159289,2045-01-27,61221.15467227506
864,10.387633019286564,18.0,High School,Sales,3.296576938530305,2080-11-19,79795.19214480733
492,9.439832416670077,60.58199285668252,Bachelor,Engineering,2.3018003253889505,invalid,90917.34078114477
405,3.6498035855622692,44.960476858058165,Master,nan,1.0,2043-03-09,62900.8980405533
898,5.440141059299968,50.986471705047165,Master,nan,2.422079223167289,2083-09-05,61040.21771742353
606,10.630387437674198,25.466713917412875,Bachelor,Marketing,2.5041218279898505,2059-09-11,84769.1515408167
981,7.357400475952497,25.283432654587138,bachelor,Engineering,2.40358859203112,2025-13-45,2856540.748794928
386,5.451181359428623,37.99292580406492,Bachelor,Sales,3.1915773961940896,2041-08-16,
749,3.165446591024155,36.89581616598743,Master,Sales,1.0,2071-06-10,45960.17465215389
730,2.665085823793062,53.38183676795123,Bachelor,Marketing,2.663447410121827,2069-11-17,57703.001124352406
473,0.45442681340434277,33.65982833327082,Bachelor,Marketing,2.049089270312768,2048-10-08,51611.333990284096
984,4.8568659315740605,43.62393472382759,Master,Sales,2.415544708149562,2090-09-28,61568.312691067105
220,5.245622418158968,56.45149127773388,Bachelor,Marketing,3.81079864559171,2027-12-28,74567.7579365541
829,3.7394395487124283,34.014118677157384,Master,Marketing,,2078-01-04,51444.21213079661
68,8.010598693676073,46.608267873785195,High School,Sales,1.0,2015-07-04,80204.89481476025
706,6.818029854036919,32.58742345381457,High School,Engineering,1.4728321434103524,2067-11-28,72124.41601164178
808,3.5637541350095683,40.08725023229934,High School,Engineering,2.0357999285767554,2076-04-14,68108.07052651462
310,,39.746982328799525,High School,Engineering,3.3796396483859654,2035-05-20,54681.788964115476
410,6.543316502176247,32.49166983544953,nan,Marketing,3.360647891435795,2043-08-06,73144.7051991417
722,0.0,32.40453322416083,Master,eng,1.254292567140348,2069-03-22,47633.96088866324
259,6.3314582844386855,27.94988144241591,Master,Marketing,2.8500592809208904,2031-03-12,59217.0143880003
121,7.373095841129141,46.05525932957984,Master,Sales,1.5640904761314725,2019-11-10,72219.14794153254
507,3.2228182272833923,41.963874474567156,Master,HR,3.5954908976392574,2051-07-25,57597.14828655721
396,3.5924730436858856,36.84680305864909,Master,Marketing,1.0,2042-06-12,55225.02896884963
834,2.696607304687615,37.87124165201824,Bachelor,Sales,3.9458696436841456,2078-06-03,4922161.216125417
245,1.3991107788326715,28.50722454933993,Bachelor,Engineering,2.0298757396203566,2030-01-16,
205,0.8669918961287273,35.48860070325704,Bachelor,Marketing,3.007880184694728,2026-10-04,56403.23684009854
694,6.847806820832791,21.540203197532513,Bachelor,Marketing,3.973101561015072,2066-12-03,63963.049683221136
166,6.238342780809495,59.39752406339273,Bachelor,Engineering,1.0310768575839169,2023-07-22,68477.0270734462
742,1.1612690997928956,33.311782768099896,Bachelor,HR,1.8463077186601415,99/99/9999,52046.212489792204
454,6.512139546553533,61.01683114180395,Master,HR,3.299647687837348,2047-03-18,72354.69192901441
38,0.0,20.3562511979018,Master,Marketing,3.7640297815728596,2013-01-15,24191.433740122262
971,5.384313244732368,40.935567222808615,High School,Sales,1.9298084371056683,2089-09-03,
288,6.764951619453729,40.079913269125434,B.Sc,Marketing,3.2430047220544,2033-07-29,78658.73583043825
566,3.775773880935346,32.18672442881787,High School,Sales,2.7828689250537977,2056-05-29,55708.4564336917
810,2.316178093341488,43.950383140761154,Bachelor,Engineering,3.9427885141400756,2076-06-13,54447.66484121505
483,0.1806610392272825,52.269638512334055,High School,Engineering,1.4624152035508247,2049-08-04,49502.55692215343
333,5.227413674581179,32.86557129069792,Bachelor,Engineering,2.6535734939931004,2037-04-09,61766.456063816586
277,5.59717908672041,58.19329539981695,Bachelor,Sales,3.3195246707829553,2032-09-02,69078.74836102511
16,,36.979107834626475,High School,Marketing,2.209100618332447,2011-03-27,54664.14492910374
28,6.127094055037016,36.200313267182615,Master,Marketing,2.7158449020712028,2012-03-21,77499.77585307606
371,5.073530522776828,33.27053940076577,Bachelor,Engineering,2.2683682610914717,2040-05-23,56721.958461438786
226,8.266851790902098,33.70179300266574,Bachelor,Engineering,,2028-06-25,40000USD
844,6.147229238552152,35.928449011411146,nan,Engineering,2.4384422536693746,2079-03-30,71173.97950359587
441,6.152196346817922,41.628812686674124,Master,Marketing,3.862223511886977,2046-02-21,73103.14319911177
970,0.7076746936458553,46.337700968670646,Bachelor,HR,3.655403829850237,2089-08-04,38493.38842596807
693,1.756810017200308,43.71297297457244,Bachelor,Engineering,,2066-11-03,56694.687539081504
998,6.9225285838010295,26.18125348772282,High School,HR,3.9189148546583294,,73248.89489706155
82,6.07133771453524,31.507422956815713,Bachelor,Engineering,3.8723153800284504,2016-08-27,73885.08543991594
891,7.461446543592093,40.462842480037,bachelor,nan,1.805477060233965,2083-02-07,66126.61688264526
477,6.729670889167299,33.79051851392219,High School,Engineering,3.189328307292374,2049-02-05,52558.91641976766
657,5.041787875738839,36.68460976269614,Master,Sales,3.164294765370569,2063-11-19,71816.79087857043
579,0.5642412626604756,27.654084232019507,Master,Engineering,3.986376505905937,2057-06-23,35559.53038189583
362,9.598216739007732,40.792914996010886,Bachelor,Marketing,2.165718189965375,2039-08-27,71588.55992158898
974,3.0421280620928273,36.94736194718775,Bachelor,Engineering,3.219302337200436,2089-12-02,63230.368362814945
12,3.6028107392892297,36.975996046923996,Bachelor,Marketing,2.280890548550814,2010-11-27,52614.934800065486
938,7.12506934189806,39.676931717654334,Bachelor,Engineering,3.7638603516334226,2086-12-18,63790.92989749961
862,0.4527676550083042,43.10808273159782,High School,Engineering,2.502427501690786,2080-09-20,35736.47946294274
173,4.768694871757687,999.0,nan,Marketing,2.1869856277398703,2024-02-17,55420.03602348033
925,8.585139886774527,,Master,Sales,2.822082124195602,2085-11-23,65752.01251589398
153,,28.610382523104978,Bachelor,Engineering,3.3216785413765,2022-06-27,64139.32130037962
567,0.0,35.66990717224872,High School,Engineering,3.5265366836723073,2056-06-28,44128.34867110551
291,4.375633248928175,38.885786045309644,Master,eng,3.3017000089017357,2033-10-27,2465826.585359919
266,1.2566504541054515,20.8628550309502,High School,Engineering,,2031-10-08,40484.43517017852
409,5.360886895135697,31.773201611578642,Master,,4.643378155804534,2043-07-07,49062.07956803223
608,1.2660358900657487,51.246784584695604,Master,Sales,1.4343519683944037,,55518.12422084673
365,7.070431975133338,46.965715016644914,Master,Sales,2.419351697446049,2039-11-25,68829.61938516534
357,4.94446059202283,,Bachelor,HR,3.5376299029498797,2039-03-30,58582.08727037024
29,3.198083930243585,41.13517972730416,bachelor,Sales,4.194762861876938,2025-13-45,49992.95156895392
575,7.488216743550467,39.66429982433527,High School,Engineering,2.5672261164116112,2057-02-23,80540.19851014866
906,5.1393096444684465,39.477169258102776,Bachelor,HR,4.677377087805489,2084-05-02,55371.955139249614
982,,21.203818352110694,Bachelor,Sales,2.7008182275725656,2090-07-30,64970.138011770774
557,3.5371813277825193,44.13584626233249,Bachelor,Marketing,3.388375729230168,2055-09-02,59111.06754884094
293,3.2319057291673654,34.939290884601064,Bachelor,Engineering,,2033-12-26,
24,0.7257554413596292,56.42270358611864,?,Engineering,3.395819781095923,2011-11-22,54643.03051394181
646,4.181829290756989,39.28307097207649,Bachelor,Engineering,1.8205403354922196,2062-12-24,65166.82391750557
833,1.9875776997437962,44.53136633913245,Bachelor,Sales,4.255403609459896,2078-05-04,44473.826950705465
356,1.9924119060865735,18.0,Bachelor,Marketing,3.9134737320174064,2039-02-28,40164.02019990586
61,3.56247728646413,42.716987106483444,Master,,3.408052846836756,invalid,40000USD
992,0.0,42.542913298135744,High School,Sales,2.015465949518032,2091-05-26,47569.28565458355
535,3.0444916765935224,30.339634981317577,Bachelor,Engineering,3.307676653401114,2053-11-11,47071.27234503273
685,1.3336165733241638,23.209602088401976,Bachelor,Marketing,1.0,2066-03-08,40876.74189945696
966,9.320351646348419,35.895806812552486,PhD,,2.6995340512792962,2089-04-06,74838.9356509711
668,9.511978965748066,29.952250787717826,High School,HR,4.424495821246948,2064-10-14,81702.73279871739
870,11.03061361629905,30.89185712045415,Master,Sales,3.662051834758473,2081-05-18,40000USD
223,7.05878057112354,41.337768809320984,High School,Engineering,2.143501762590801,2028-03-27,75433.30020858516
903,5.086234468804452,46.73124637586641,Bachelor,Marketing,2.410667768572638,2084-02-02,74290.54473016325
500,0.8516008071069923,,Bachelor,Engineering,2.6126380354471888,2025-13-45,43197.91448061727
885,7.045674468878934,34.73594243041073,Master,Marketing,3.845802872562928,2082-08-11,62127.95789724235
945,10.539910988142998,41.21571889856051,nan,Engineering,3.7424589135926203,2087-07-16,
631,0.0,39.84732817294475,PhD,Marketing,1.0,2061-09-30,47675.86349906581
4,9.569089569224076,28.530632222944263,High School,Sales,1.520555776860276,2025-13-45,92405.10889450241
50,0.0,48.800913541474515,Bachelor,Engineering,3.4578056099257846,2014-01-10,30890.334627734257
289,5.8429756032050975,23.966333938261265,bachelor,eng,1.4672994401100692,99/99/9999,49513.85554805092
577,5.706843674325698,18.848681840944906,Master,HR,2.7026239207568934,2057-04-24,55981.428888730436
839,7.952967195429752,34.66770009355539,Bachelor,nan,3.1024846421582075,,
466,4.337091201400331,40.8857840442061,Bachelor,Sales,3.206361771325451,2048-03-12,52799.59039081093
176,7.481549747108072,32.19324923133226,Bachelor,Sales,3.0176132519336574,2024-05-17,59110.20937914261
556,3.7643691016325977,38.67365506816178,Bachelor,Sales,1.0,2055-08-03,65000.941102050536
932,10.64347120832177,39.966992232365214,Bachelor,Engineering,4.074333004770244,2086-06-21,96627.92930092756
672,0.0,31.331755881853123,Master,Marketing,2.7132057642617307,2065-02-11,41366.53371088108
253,11.3664685910379,18.0,Master,Marketing,3.978889558556779,2030-09-13,89822.88960391027
826,,39.41940649569409,Master,Marketing,3.608905356254632,2077-10-06,93235.07878106907
468,7.2725231301419155,38.94671529822981,Bachelor,Marketing,3.448635764514527,2048-05-11,61907.66025205926
658,4.92762473866999,48.1759753560796,PhD,Marketing,5.0,2063-12-19,50870.826833312814
392,6.475757514519517,28.22284630247894,High School,Marketing,4.640614563488287,2042-02-12,60726.3893934137
676,2.666549937227374,31.7767953078866,High School,HR,3.4935602043342917,2065-06-11,54522.931855491755
530,2.2870501246867745,23.803825667109887,High School,Marketing,1.9601934689731157,2025-13-45,49402.0872326832
794,,41.713400764504655,Bachelor,Sales,3.1979166673420756,2075-02-19,46419.23002603206
874,2.8072098801742427,42.796605322693395,Master,nan,4.162838577534986,2025-13-45,51297.52748884071
585,5.545598765175486,39.28816500330573,bachelor,Engineering,2.8246215441013094,2057-12-20,66880.4248138061
256,3.547297781401246,22.903589813087947,bachelor,nan,3.8282296901846227,2030-12-12,62305.070886276495
888,3.9221237276388212,39.24061044464089,Bachelor,Marketing,3.75656467491314,2082-11-09,68380.46647789022
188,4.781513262029382,32.753668500029754,Master,Marketing,1.7715561687342374,2025-13-45,69134.87962373042
607,2.678632402689281,36.22670315994795,Bachelor,Marketing,4.097300187543709,2059-10-11,53974.3024116218
882,3.407393681239038,51.15582823548232,Bachelor,HR,4.2838168598535615,,1068691.962649478
610,9.488132934467549,32.47646497873713,High School,HR,3.571179406219209,2060-01-09,82477.89132740202
600,6.131901479134557,27.719970587708655,Master,Marketing,2.936876986888752,2059-03-15,62503.150000831076
565,8.603641766491835,42.36843897092433,Master,Sales,3.990166238959289,2056-04-29,75352.67471941155
125,6.760571281400811,51.334315323010955,Master,Engineering,4.012637409644071,2020-03-09,64891.06249242825
645,4.262770807742167,24.376064718531204,bachelor,Marketing,1.4369656934287465,2062-11-24,60337.49170458793
741,0.0,33.955507814625285,?,Marketing,3.6813623265753055,2070-10-13,46218.73970393074
239,3.014640605694836,40.689830791852756,bachelor,Engineering,4.181891092959962,2029-07-20,52148.35955312678
654,1.680422273774989,31.468337071893117,Bachelor,Sales,3.6986888135170437,2063-08-21,38561.612191717264
792,5.623063061489334,36.150260791474174,Master,Sales,3.1761898225026926,2074-12-21,2534036.097970956
430,0.0,32.23186700111079,High School,Engineering,,2045-03-28,45293.06506702362
993,4.258467852438209,46.88913371474643,Bachelor,Sales,2.9940452907872706,2091-06-25,72006.17114235548
999,3.2864630306516096,33.36933036056236,High School,Sales,2.540343227727003,2091-12-22,54352.43898026873
37,5.626590785014266,22.742343369976588,Bachelor,Marketing,2.165676954508418,99/99/9999,55142.569825705934
285,,27.140105394920504,High School,HR,2.2606285925409635,2033-04-30,88586.25447008449
545,0.0,28.977879396382193,Bachelor,Marketing,2.8891874397209123,2054-09-07,37033.690403571454
238,5.559362944308283,29.464117582920053,Bachelor,Sales,3.4875602970867186,2029-06-20,66500.21281473289
319,5.972499057465326,28.904877978407168,Bachelor,Marketing,3.585904201164649,,69146.13328772462
219,3.54390935651269,26.646529467402427,Bachelor,Engineering,3.65497558422169,2027-11-28,60071.91527936469
994,2.9540472560066044,42.083038472010635,PhD,Engineering,3.784002779310748,2091-07-25,66604.93885186645
861,5.608769062553899,33.65691258529452,Bachelor,Marketing,2.505034519631927,2080-08-21,58083.84277959364
269,,27.644700574102334,Bachelor,Marketing,2.276009668257391,2032-01-06,57487.38836674599
17,1.9615066389967284,28.485819963855516,Bachelor,Marketing,2.220147053778361,2011-04-26,44741.328139953
270,5.392221731858274,47.36093175210438,High School,HR,2.804609648822976,,40000USD
669,0.0,43.40620026504553,High School,Sales,2.908293975854874,2064-11-13,41956.16763335576
628,4.622639239701056,47.81016361735113,High School,nan,2.518234028906525,2061-07-02,50124.46114842649
635,1.9636868742194977,31.652246678934592,Bachelor,Engineering,1.6265971110302508,2062-01-28,46580.21254962871
449,3.4583992479899193,47.38283071433636,High School,Marketing,,invalid,64113.110300685745
892,6.521822093321893,35.064222698109376,B.Sc,Sales,3.285803286794733,2083-03-09,66809.24438486008
871,4.469158317517852,23.94295331514064,Bachelor,Marketing,4.188596823087008,2081-06-17,59816.72911847088
401,0.2167170236168987,24.5308901731806,Bachelor,Sales,1.3108169620327383,2042-11-09,unknown
915,4.714113402839144,18.0,Master,nan,2.7859323022721387,invalid,46501.87108148794
716,8.309905646049565,34.094667176958396,High School,Marketing,1.4021278655051623,2068-09-23,83749.74217367076
852,3.333568642519236,52.75310892609512,Bachelor,Sales,3.223153054747697,2079-11-25,52067.029880720824
733,6.224758267143415,34.805803941122676,Bachelor,Sales,4.220282896417717,2025-13-45,74263.12764893676
813,9.3409336530612,51.122206282554245,Master,,2.120717217588012,2076-09-11,74219.22534045826
489,10.061424905217695,19.743436854299052,Bachelor,nan,2.6116530616988416,2050-01-31,4897270.548817657
949,4.8632419509335065,46.26050250772168,nan,Marketing,,2087-11-13,65665.26206321383
282,6.98639202356314,,High School,Sales,3.1577614392937696,2033-01-30,60028.56349727171
436,5.222284341259326,37.825799504882994,PhD,Sales,2.68176247225738,2045-09-24,
144,5.553901575596913,36.255764534715425,Bachelor,Engineering,3.1450637459593818,2021-09-30,66394.06529087525
330,6.88503652779284,40.99928729996205,Bachelor,HR,2.940584818727506,2037-01-09,75233.67847793997
136,9.649803215052618,44.64087168288357,Bachelor,Sales,3.5827375831738646,2021-02-02,79932.53829272062
524,,25.405607632765204,Master,Engineering,1.4695385902566231,2052-12-16,77229.0246430273
346,5.696149812072909,20.151020315500965,Master,Marketing,3.3883120054234497,2038-05-04,60740.7726319486
54,6.835028866522604,37.60673765823907,High School,Engineering,2.964992389993764,2014-05-10,63135.72859204809
283,9.758050448436055,,Bachelor,Marketing,1.9026316810289334,2033-03-01,77485.23255423925
62,4.4430230700085485,18.0,High School,nan,3.5507975722736633,2015-01-05,58205.935296459305
140,1.3074070506981341,42.01172742310898,Bachelor,Marketing,1.0,2021-06-02,46117.62064400238
206,2.1865248802546318,35.405916912038826,Bachelor,Engineering,2.6743889478514964,2026-11-03,42207.459251087355
126,,23.53654606981312,High School,Sales,2.8418461556276795,2020-04-08,85201.68059760243
705,0.3301124794282888,39.098186569285126,Master,Marketing,,2067-10-29,3756628.926898033
526,0.0,45.88748619704186,Bachelor,Engineering,2.6273244160480256,2053-02-14,47237.672394871115
251,1.2173481369948647,38.30880232214457,bachelor,Sales,,2030-07-15,38828.70248074758
262,4.8214239318146,35.760053914124114,Master,Sales,3.493654847643151,2031-06-10,53639.97508363587
224,0.16185238643104505,39.137990974514985,Bachelor,,3.0976703767483356,2028-04-26,53326.58874956858
618,7.177299871696076,,Bachelor,Marketing,1.0,2060-09-05,58118.59841910918
261,,40.58326912521722,Bachelor,Sales,2.475337592933197,2031-05-11,60925.51922608553
167,7.4661804799834695,48.84272818510518,High School,nan,,2023-08-21,79812.63523286386
114,,39.95681887972604,nan,Engineering,2.16307929620372,2019-04-14,97963.57073631763
316,5.063011524898277,21.881637676498404,Bachelor,Marketing,2.6779718455079418,2035-11-16,57248.17619527646
108,5.523733438495517,24.46584436826344,Bachelor,,3.3326075103241974,2018-10-16,50k
516,7.266173677477268,33.78252491616716,Master,Marketing,3.243123458512893,2052-04-20,80854.85004927783
340,3.308826341588076,36.70416222375488,Bachelor,Engineering,3.1722543864110375,2037-11-05,41051.41554105008
625,9.77955987991819,53.73297776217545,High School,Marketing,3.045491476330752,2061-04-03,88794.0835185519
816,0.5433188808890836,26.088077745847126,Bachelor,Engineering,3.846882103884914,2076-12-10,46643.61260690082
35,7.4676347363095665,30.16813537700626,Bachelor,Marketing,4.897767016745977,2012-10-17,62357.010233997134
718,5.450905284385633,36.904996797790666,High School,Marketing,3.731955502509846,2068-11-22,59621.989265504366
364,6.205135166296825,25.269310591184443,High School,Marketing,3.570507208354516,2039-10-26,52546.03349671371
298,5.921898562629828,32.097254558113484,Bachelor,Engineering,2.8378760245201415,2034-05-25,76832.78326440408
691,3.91710150254276,40.86693801475275,Master,Engineering,5.0,2066-09-04,66724.05033873371
458,1.8942730327418777,38.81158384882778,PhD,Marketing,5.0,2047-07-16,62561.46987600851
809,8.767268376720562,19.188092979678665,Master,Sales,4.08005605913931,2076-05-14,78791.43932239065
83,9.433682134224547,31.783649487826175,Master,HR,1.8569806879262714,2016-09-26,79542.37578956566
478,5.933750463630608,39.195324439070276,Bachelor,HR,3.297244273380124,2049-03-07,68983.72164496122
300,6.888886525770837,38.216978061960134,Bachelor,Engineering,3.8496119885162132,2034-07-24,72705.77223653311
461,10.894175398749168,33.615440160162265,B.Sc,Engineering,2.2619429163386084,2047-10-14,92091.51218240915
536,5.142196013949242,19.052969327332043,Bachelor,,1.9044806111544377,2053-12-11,49911.80245866697
201,6.07336208104485,36.25224502647907,PhD,Marketing,3.5861658003927834,2026-06-06,81045.23945103004
805,3.6965113177030533,,?,Marketing,3.8396638644311887,2076-01-15,48080.55773078288
250,6.214945132882867,19.44104353796373,Master,Sales,2.6896922946150963,2030-06-15,
723,0.955443733682861,42.38810480887503,Bachelor,Engineering,3.4947056537750325,2069-04-21,36632.29080504334
482,2.1333786781987225,31.27166847908233,Master,Marketing,2.2952715643891164,2049-07-05,50927.999456652025
836,5.702644197609562,38.61503525206102,Bachelor,Engineering,1.867215048732255,2078-08-02,52326.68326283997
287,4.54464471489325,18.0,Bachelor,Marketing,3.9500158286696454,2033-06-29,1098624.2228275714
376,2.6979573113358515,32.90676322848134,High School,Marketing,3.3631156277445236,invalid,42161.823950803424
617,5.328184383814679,37.98752908365686,High School,Engineering,3.49406391897552,2060-08-06,74673.48386829854
103,3.9718564504196916,55.883747047807276,Bachelor,HR,4.218194711754256,2018-05-19,67478.03973016735
194,,,Bachelor,HR,1.82776624656336,2025-11-08,40818.02776998997
